1,0.9995315074920654
10,3.821477321253042e-07
100,0.9730520844459534
1000,3.326167643535882e-05
10000,0.9999455213546753
10001,6.512153731819126e-07
10002,3.672258389997296e-05
10003,0.8281851410865784
10004,0.02004324086010456
10005,9.679578943178058e-05
10006,0.0002744871308095753
10007,1.9685573988681426e-06
10008,8.343785884790123e-05
10009,0.2958225607872009
1001,0.5749692916870117
10010,0.9704807996749878
10011,0.0003821503487415612
10012,0.007061156444251537
10013,0.004550632555037737
10014,2.676556754011017e-08
10015,0.35674765706062317
10016,0.9515439867973328
10017,8.42965382616967e-05
10018,0.05560685694217682
10019,9.375348781759385e-06
1002,0.06143096834421158
10020,6.717450105497846e-06
10021,1.5659657037758734e-06
10022,0.8381515741348267
10023,0.9963815212249756
10024,0.999953031539917
10025,0.9923776388168335
10026,0.03444627672433853
10027,0.9840008020401001
10028,0.00034723817952908576
10029,0.9108549356460571
1003,0.10931818932294846
10030,0.9999791383743286
10031,3.5021552321268246e-05
10032,0.9603650569915771
10033,1.9182600681233453e-06
10034,0.999700665473938
10035,8.586503827245906e-05
10036,0.9999994039535522
10037,0.6257445216178894
10038,0.8332803845405579
10039,0.9931286573410034
1004,0.9998492002487183
10040,0.18061038851737976
10041,0.9862702488899231
10042,0.9817728400230408
10043,0.7932977676391602
10044,5.444523480946373e-07
10045,0.9873535633087158
10046,0.9739369750022888
10047,0.9953131675720215
10048,0.9910569190979004
10049,0.0003564907528925687
1005,2.523160901546362e-06
10050,1.9476417946862057e-05
10051,2.205648797826143e-06
10052,1.95595439436147e-05
10053,0.7178323864936829
10054,1.378571232635295e-05
10055,0.39141035079956055
10056,0.00010444832150824368
10057,0.9935264587402344
10058,0.002460263669490814
10059,0.9938762784004211
1006,0.9254306554794312
10060,0.828747034072876
10061,0.25749486684799194
10062,0.003957493230700493
10063,0.981995701789856
10064,0.9634294509887695
10065,3.333846325404011e-05
10066,0.0010854381835088134
10067,2.6994364816346206e-05
10068,0.017084630206227303
10069,0.00011490926408441737
1007,0.9692990779876709
10070,6.784784636693075e-05
10071,1.7640351870795712e-05
10072,0.005076652392745018
10073,0.9161505699157715
10074,0.030206430703401566
10075,1.2992895790375769e-05
10076,0.9195331931114197
10077,2.409557782812044e-05
10078,0.1745651811361313
10079,5.939514480246544e-08
1008,0.051900506019592285
10080,0.9818910956382751
10081,0.9342114925384521
10082,0.0035268741194158792
10083,0.004855398554354906
10084,0.9999771118164062
10085,0.9954715967178345
10086,0.9991430044174194
10087,0.9997159838676453
10088,0.00031720471451990306
10089,0.0010171118192374706
1009,0.1825236827135086
10090,0.00321412761695683
10091,0.01215394027531147
10092,0.9978821873664856
10093,0.005926359444856644
10094,0.9999746084213257
10095,8.770317805328887e-08
10096,0.008956770412623882
10097,0.9920902252197266
10098,0.9998038411140442
10099,0.7562973499298096
101,8.36467370390892e-05
1010,0.9916817545890808
10100,0.6367557644844055
10101,0.9877287149429321
10102,0.5567837357521057
10103,7.055248052445506e-11
10104,0.9999994039535522
10105,0.7832680344581604
10106,2.201798270107247e-05
10107,0.9517719745635986
10108,0.9995627999305725
10109,2.2988081127550686e-07
1011,0.0009288608562201262
10110,0.6631136536598206
10111,0.18843190371990204
10112,6.089219459681772e-05
10113,0.9917526841163635
10114,0.1944577693939209
10115,0.00010125287371920422
10116,0.89271479845047
10117,0.0023884179536253214
10118,0.39483842253685
10119,0.006823172327131033
1012,0.9107935428619385
10120,0.0002566389157436788
10121,1.0689101687111346e-10
10122,0.10310950875282288
10123,0.16315285861492157
10124,0.9148959517478943
10125,6.3477735068318e-08
10126,2.7946483668883637e-11
10127,0.21494252979755402
10128,0.9256512522697449
10129,2.1323079636204056e-05
1013,0.0035261500161141157
10130,1.227571260642435e-06
10131,0.7612268924713135
10132,0.0034111947752535343
10133,3.657544220914133e-05
10134,0.9785684943199158
10135,0.9979506134986877
10136,0.9620159864425659
10137,0.000496951921377331
10138,0.9017999172210693
10139,0.5598547458648682
1014,0.969161331653595
10140,0.9801662564277649
10141,0.9864679574966431
10142,0.15088658034801483
10143,0.9495192766189575
10144,0.08689484745264053
10145,1.0949060197162908e-05
10146,0.9998602867126465
10147,0.986572265625
10148,0.7023001313209534
10149,0.02226131036877632
1015,0.00025019393069669604
10150,0.04714922979474068
10151,2.3840964047394664e-07
10152,0.0013765809126198292
10153,0.0008194002439267933
10154,0.01199419517070055
10155,0.7705187797546387
10156,0.00027354113990440965
10157,2.5930165065801702e-05
10158,4.5480291532840056e-07
10159,0.00040680283564142883
1016,0.841500997543335
10160,1.186691406473983e-05
10161,1.830461648921755e-08
10162,0.9971355199813843
10163,0.9999985694885254
10164,0.7874237895011902
10165,0.9791704416275024
10166,0.9975392818450928
10167,0.9956164360046387
10168,0.0013450300320982933
10169,0.9991351962089539
1017,9.589296496415045e-06
10170,0.9001662731170654
10171,1.3263756954984274e-06
10172,0.9977654218673706
10173,8.385470573557541e-05
10174,0.9995113611221313
10175,0.0034947211388498545
10176,0.9651049375534058
10177,0.9742599129676819
10178,0.7967126965522766
10179,0.9997923970222473
1018,0.9963573813438416
10180,0.00012607492681127042
10181,3.686786158141331e-06
10182,1.4229065527615603e-05
10183,0.03866574913263321
10184,0.06326444447040558
10185,3.327852755319327e-05
10186,0.9998940229415894
10187,0.9995604157447815
10188,0.8542985916137695
10189,0.9900340437889099
1019,0.9925066828727722
10190,0.9947031140327454
10191,5.382197559811175e-05
10192,0.007368831895291805
10193,6.242745036189046e-13
10194,0.004442065954208374
10195,0.23078873753547668
10196,0.41506829857826233
10197,0.9932504892349243
10198,0.033570192754268646
10199,4.702407750301063e-06
102,0.9965247511863708
1020,2.305260409229959e-07
10200,0.0014096844242885709
10201,1.639225805129805e-16
10202,0.21555215120315552
10203,0.9899811148643494
10204,0.000295494421152398
10205,0.0001967209973372519
10206,0.34800925850868225
10207,0.8955102562904358
10208,0.9974278807640076
10209,0.0062186866998672485
1021,0.015680940821766853
10210,3.057812500628643e-05
10211,0.024984896183013916
10212,0.0016984310932457447
10213,0.9916300177574158
10214,0.9999284744262695
10215,1.0389771508412249e-11
10216,0.7144758701324463
10217,0.6686832904815674
10218,6.595288868993521e-05
10219,0.9744220972061157
1022,2.4739225409575738e-05
10220,0.9997187256813049
10221,0.813869297504425
10222,0.9532583951950073
10223,5.443682198347233e-07
10224,0.0005105644231662154
10225,0.9988743662834167
10226,0.7389153242111206
10227,0.005269265733659267
10228,0.0032478757202625275
10229,0.09290001541376114
1023,1.5871954861523818e-09
10230,0.012268484570086002
10231,0.9860599040985107
10232,0.36745959520339966
10233,0.9953269958496094
10234,9.993098615268536e-08
10235,7.055927842003484e-09
10236,0.986868143081665
10237,0.09625234454870224
10238,0.9999420642852783
10239,0.5280175805091858
1024,0.9957958459854126
10240,2.879489713336625e-08
10241,0.8955069184303284
10242,0.9999972581863403
10243,0.9967016577720642
10244,0.9999845027923584
10245,0.9903202652931213
10246,0.9784327745437622
10247,0.9998691082000732
10248,0.5684636235237122
10249,0.9994497895240784
1025,3.338335591251962e-05
10250,9.767745723365806e-06
10251,0.0002207500656368211
10252,0.8689998984336853
10253,0.9990886449813843
10254,0.9960927367210388
10255,0.0006380766863003373
10256,0.7561078667640686
10257,0.18772108852863312
10258,0.05475190654397011
10259,0.9999947547912598
1026,0.6115378737449646
10260,0.0010016771266236901
10261,0.9999997615814209
10262,0.9979826211929321
10263,0.8573557734489441
10264,0.0002996123512275517
10265,0.4848273694515228
10266,0.0011464346898719668
10267,3.1951142887010064e-07
10268,0.9983419179916382
10269,0.9975202679634094
1027,0.11413930356502533
10270,7.278094793505829e-11
10271,0.9952318072319031
10272,0.9999781847000122
10273,1.2250342251718394e-07
10274,0.07254859060049057
10275,0.22962525486946106
10276,0.007562951184809208
10277,0.0002531860664021224
10278,0.16813628375530243
10279,0.9834024906158447
1028,3.801874370878977e-09
10280,0.5673581957817078
10281,0.9985471367835999
10282,0.825120210647583
10283,0.7947868704795837
10284,0.8268924951553345
10285,0.9843232035636902
10286,0.9828063249588013
10287,0.36954304575920105
10288,0.006962236016988754
10289,2.117838266713079e-05
1029,0.0018226227257400751
10290,0.6291418671607971
10291,0.9965002536773682
10292,3.960235699196346e-05
10293,1.0
10294,1.54291435183751e-09
10295,0.7337247133255005
10296,2.1878602638025768e-05
10297,0.9999880790710449
10298,0.9995372295379639
10299,0.9008673429489136
103,2.313661525477073e-06
1030,0.005132130812853575
10300,0.0008827656856738031
10301,3.4199310903204605e-05
10302,0.8402625322341919
10303,0.06903195381164551
10304,0.9997652173042297
10305,0.9882652759552002
10306,0.9847885370254517
10307,0.025050535798072815
10308,2.1902812363805424e-07
10309,8.941360283643007e-05
1031,0.07055409997701645
10310,0.9978613257408142
10311,0.26487797498703003
10312,2.307755028740921e-11
10313,0.3729059398174286
10314,3.5752748317463556e-07
10315,0.999262273311615
10316,0.9546240568161011
10317,0.9999996423721313
10318,0.0008606029441580176
10319,0.0012439063284546137
1032,0.7793535590171814
10320,0.9680077433586121
10321,1.0
10322,0.05720238387584686
10323,0.9866456985473633
10324,0.9970607161521912
10325,0.05932553857564926
10326,0.9132460355758667
10327,0.9981154203414917
10328,1.235562208101726e-09
10329,0.20135800540447235
1033,3.437774694248219e-06
10330,0.9996073842048645
10331,3.3570804469640336e-10
10332,0.9998633861541748
10333,4.977484877599636e-06
10334,0.00065037194872275
10335,0.9998881816864014
10336,0.011374618858098984
10337,0.20310334861278534
10338,0.0019907932728528976
10339,0.08984539657831192
1034,0.9999997615814209
10340,0.01204890850931406
10341,7.605677092215046e-05
10342,0.9259545803070068
10343,0.002251487458124757
10344,1.2090827112842817e-05
10345,8.66906611918239e-06
10346,5.1499561948276096e-08
10347,0.013430249877274036
10348,0.726690411567688
10349,0.287023663520813
1035,9.442790542379953e-06
10350,0.9998900890350342
10351,7.905039183242479e-07
10352,0.9379191398620605
10353,0.04910979047417641
10354,0.19846786558628082
10355,0.00016910072008613497
10356,0.06884846091270447
10357,0.18047775328159332
10358,0.004051920957863331
10359,0.0029133774805814028
1036,3.6682613426819444e-06
10360,2.52126956183929e-05
10361,0.0001519928773632273
10362,3.0030611242182204e-07
10363,3.344245851621963e-05
10364,0.9970051646232605
10365,0.0008158210548572242
10366,0.9989663362503052
10367,1.7429866829843377e-06
10368,0.9950686693191528
10369,3.854687020066194e-05
1037,0.9385181069374084
10370,0.6274150609970093
10371,0.9119723439216614
10372,0.9397993087768555
10373,0.21376799046993256
10374,0.0029619219712913036
10375,0.8488627672195435
10376,2.3892303066541665e-12
10377,0.5297061800956726
10378,0.9097238183021545
10379,0.9801605343818665
1038,0.9995412826538086
10380,0.9953694939613342
10381,0.893746554851532
10382,3.897540636899066e-07
10383,0.003075571497902274
10384,0.9999984502792358
10385,0.7440257668495178
10386,7.433310383930802e-05
10387,0.956586480140686
10388,0.8136014938354492
10389,0.19076266884803772
1039,2.750652372540685e-09
10390,0.9955692887306213
10391,4.106987034901977e-06
10392,0.006208569742739201
10393,1.8608837137890077e-08
10394,4.908811135351243e-08
10395,0.9469172954559326
10396,0.00022169332078192383
10397,0.0004245690070092678
10398,2.753925230081222e-07
10399,0.9702895283699036
104,7.401064205936336e-10
1040,0.9999480247497559
10400,0.9497789144515991
10401,9.848185072769411e-06
10402,0.021365975961089134
10403,0.9946920275688171
10404,0.0001855603768490255
10405,6.801702170378121e-07
10406,0.011041199788451195
10407,8.769093255978078e-05
10408,9.317311196355149e-05
10409,0.9611276984214783
1041,0.7289237380027771
10410,5.2370651246747e-05
10411,0.0032334451097995043
10412,0.0024782323744148016
10413,1.9555761809897376e-07
10414,0.999721109867096
10415,0.5119684338569641
10416,0.009624903090298176
10417,1.3136724419382517e-06
10418,0.0007461036439053714
10419,0.10181588679552078
1042,0.24991966784000397
10420,0.9226077795028687
10421,0.9967485666275024
10422,0.9598489999771118
10423,1.0389771508412249e-11
10424,1.3999311709866902e-09
10425,0.3736703395843506
10426,1.427974211765104e-06
10427,0.12355349957942963
10428,0.6510671377182007
10429,0.9723544716835022
1043,4.303649348003091e-06
10430,0.003945028409361839
10431,2.3680519007029943e-05
10432,0.989372193813324
10433,1.0
10434,0.9977582097053528
10435,0.06722398102283478
10436,0.9992169141769409
10437,0.5849813222885132
10438,0.9781326055526733
10439,2.7207147468288895e-07
1044,0.14346472918987274
10440,0.49059054255485535
10441,2.1837895474163815e-06
10442,0.9086952209472656
10443,0.3494381606578827
10444,0.9554371237754822
10445,0.8371341824531555
10446,0.8569447994232178
10447,0.5782154202461243
10448,0.9989211559295654
10449,0.9999953508377075
1045,0.07266107946634293
10450,1.8064677931306505e-07
10451,1.3402726928291031e-08
10452,0.03825857862830162
10453,0.9305177330970764
10454,0.26618197560310364
10455,0.45066750049591064
10456,0.4992276728153229
10457,0.0053845555521547794
10458,0.9919611811637878
10459,0.0016649059252813458
1046,8.246650395449251e-06
10460,0.005626157857477665
10461,0.0012306852731853724
10462,0.999998927116394
10463,0.037616439163684845
10464,0.8487495183944702
10465,0.9963939785957336
10466,0.8881605267524719
10467,1.5915092035356793e-06
10468,1.1221879248068944e-07
10469,0.00018637461471371353
1047,0.0015878007980063558
10470,6.748070435769193e-10
10471,0.004173796623945236
10472,2.9925206035841256e-05
10473,0.9934117197990417
10474,0.9997984766960144
10475,1.188090958947896e-08
10476,0.7344328165054321
10477,0.008477495983242989
10478,0.9988160133361816
10479,0.00868083443492651
1048,0.005306845996528864
10480,0.07728937268257141
10481,0.001047454890795052
10482,0.00014449279115069658
10483,0.9574777483940125
10484,0.9997592568397522
10485,0.015542063862085342
10486,0.0007749326759949327
10487,0.996955156326294
10488,0.9997629523277283
10489,0.250375360250473
1049,0.0004124389961361885
10490,0.0169723778963089
10491,0.0010876827873289585
10492,0.7791821360588074
10493,0.9209710955619812
10494,0.3561532199382782
10495,1.495187196276504e-09
10496,0.9991576671600342
10497,0.0015699421055614948
10498,1.7246968297968124e-08
10499,0.9995930790901184
105,0.32368841767311096
1050,7.744532837250517e-08
10500,0.01983405463397503
10501,0.9982739686965942
10502,0.997313916683197
10503,0.6847129464149475
10504,0.38725534081459045
10505,0.9830915331840515
10506,1.601163239683956e-05
10507,1.4657389328931458e-05
10508,0.1404925137758255
10509,0.9044909477233887
1051,0.9995643496513367
10510,0.010849281214177608
10511,0.004175965208560228
10512,1.1080959483322772e-09
10513,0.0020403475500643253
10514,0.004745173268020153
10515,3.0776932362641674e-06
10516,0.996549129486084
10517,0.7736217379570007
10518,0.9746407270431519
10519,1.0738114042396774e-06
1052,0.7978236079216003
10520,0.915515661239624
10521,0.0001160381143563427
10522,0.9931145310401917
10523,0.8136354684829712
10524,0.9970241189002991
10525,0.01781594194471836
10526,0.8444976806640625
10527,0.3173884451389313
10528,0.00017316511366516352
10529,6.268897623229464e-10
1053,0.7289308309555054
10530,1.5120806438062573e-06
10531,0.999194324016571
10532,0.005054710432887077
10533,4.2933024815283716e-06
10534,0.9980382323265076
10535,0.00012521256576292217
10536,3.97545818486833e-06
10537,0.7863138318061829
10538,0.002527418080717325
10539,0.10498898476362228
1054,0.3659333288669586
10540,0.9999982118606567
10541,0.9977384805679321
10542,0.00045169948134571314
10543,9.879031858872622e-05
10544,4.8684443754609674e-05
10545,9.696411451542986e-10
10546,2.974104972963687e-05
10547,0.0038721528835594654
10548,0.9860862493515015
10549,2.8486675240912973e-09
1055,0.6328458786010742
10550,0.6676669120788574
10551,0.9992349147796631
10552,2.351410732792658e-10
10553,3.5565444704843685e-05
10554,4.618012553692097e-06
10555,1.5242423642702896e-11
10556,0.9996010661125183
10557,0.0007314016111195087
10558,0.9846165180206299
10559,0.9275638461112976
1056,0.9988538026809692
10560,0.9911078214645386
10561,0.003563199657946825
10562,0.999932050704956
10563,0.9183217883110046
10564,0.623040497303009
10565,0.9102898836135864
10566,0.9993982315063477
10567,0.9955132603645325
10568,0.11597055941820145
10569,1.5596877346979454e-05
1057,0.06382346153259277
10570,0.00011676736176013947
10571,0.9792085289955139
10572,0.054285068064928055
10573,0.00015915422409307212
10574,0.0005605704500339925
10575,0.00010303292947355658
10576,0.5243003964424133
10577,0.00032794394064694643
10578,0.9999057054519653
10579,3.089987876592204e-05
1058,0.738006591796875
10580,0.9981642365455627
10581,0.9994327425956726
10582,0.006641584448516369
10583,0.9299623370170593
10584,0.9986091256141663
10585,0.9442729949951172
10586,0.9987636804580688
10587,1.0
10588,0.7904011607170105
10589,0.009388974867761135
1059,0.011750252917408943
10590,2.0972301228994183e-08
10591,0.3202997148036957
10592,0.8341584205627441
10593,0.9497881531715393
10594,0.98031085729599
10595,0.9999998807907104
10596,0.0007369877421297133
10597,6.828192908869823e-07
10598,0.9998394250869751
10599,0.9153222441673279
106,0.8076412081718445
1060,0.003305107355117798
10600,0.7484747767448425
10601,1.0495390334597232e-08
10602,0.00016528104606550187
10603,0.01297643780708313
10604,0.16673144698143005
10605,0.42856764793395996
10606,0.999996542930603
10607,1.1522554359544301e-06
10608,0.7055766582489014
10609,0.9674934148788452
1061,1.256896323131862e-11
10610,0.9993278980255127
10611,2.44858392761671e-06
10612,0.994629979133606
10613,0.00044628450996242464
10614,0.019455639645457268
10615,2.0407667022936948e-07
10616,0.002898720558732748
10617,0.013908786699175835
10618,0.9721336364746094
10619,0.2703344225883484
1062,0.0003589016559999436
10620,0.0007704425370320678
10621,5.699627581634559e-05
10622,0.09477833658456802
10623,0.0357014462351799
10624,0.0007006506784819067
10625,0.8039502501487732
10626,0.12120383232831955
10627,1.56956900809746e-06
10628,1.6833234894875204e-06
10629,0.9999963045120239
1063,0.001778319594450295
10630,5.249865353107452e-06
10631,0.0023261893074959517
10632,0.6875090003013611
10633,0.9898297190666199
10634,0.0006696009077131748
10635,3.894857414366015e-08
10636,0.9388840794563293
10637,0.028771305456757545
10638,0.00023308227537199855
10639,0.9997594952583313
1064,0.05257532745599747
10640,0.9996542930603027
10641,0.9876006841659546
10642,0.9996739625930786
10643,1.6601440222530073e-08
10644,0.1669406294822693
10645,0.999996542930603
10646,0.0019298108527436852
10647,0.5988029837608337
10648,0.1303926259279251
10649,0.18664346635341644
1065,0.0003501707687973976
10650,0.10800184309482574
10651,0.9658495187759399
10652,4.171122336416033e-10
10653,0.0006111082038842142
10654,1.721383523545228e-05
10655,5.123981100529917e-12
10656,0.9979572296142578
10657,5.063814751338214e-05
10658,0.9990608096122742
10659,0.9999916553497314
1066,0.9999997615814209
10660,1.4611498954764102e-05
10661,0.9980981945991516
10662,0.9981207251548767
10663,0.9249401688575745
10664,0.00039173566619865596
10665,0.03735019639134407
10666,0.7297297120094299
10667,0.6800829172134399
10668,8.49276693770662e-05
10669,0.0019764830358326435
1067,0.5487310886383057
10670,0.9800201654434204
10671,0.0043599908240139484
10672,0.007255307398736477
10673,0.9981743097305298
10674,6.836730335635366e-06
10675,0.9883096218109131
10676,0.04502888023853302
10677,1.5133232409425545e-05
10678,0.013592412695288658
10679,1.4152760741126258e-06
1068,0.997367799282074
10680,0.8751708269119263
10681,3.454430519411744e-09
10682,6.346207374008372e-05
10683,0.9993583559989929
10684,0.9999134540557861
10685,0.3443659842014313
10686,3.2864838317436806e-07
10687,0.7707488536834717
10688,0.9995666146278381
10689,0.9444218277931213
1069,0.0001756470592226833
10690,0.007784807588905096
10691,0.814274251461029
10692,0.9993981122970581
10693,0.011971944943070412
10694,0.0018307552672922611
10695,0.9851382970809937
10696,0.9999774694442749
10697,0.9999475479125977
10698,0.1984301060438156
10699,0.0831046998500824
107,0.10441792011260986
1070,0.9999393224716187
10700,0.003204531269147992
10701,0.15412107110023499
10702,0.023785902187228203
10703,0.9991205334663391
10704,0.8444163799285889
10705,0.932546079158783
10706,0.995003879070282
10707,0.9998302459716797
10708,0.9949719905853271
10709,0.9955720901489258
1071,3.407096755836392e-07
10710,0.02336699888110161
10711,0.00011229672963963822
10712,0.9991911053657532
10713,0.4986766576766968
10714,0.8103554248809814
10715,0.9999676942825317
10716,0.04938798025250435
10717,0.9785913228988647
10718,3.7390069337561727e-05
10719,0.9993152618408203
1072,5.209487881074892e-06
10720,0.9994008541107178
10721,1.2798396653579402e-07
10722,1.6679949112585746e-05
10723,0.914771556854248
10724,0.9940091371536255
10725,0.9497334361076355
10726,0.45118430256843567
10727,1.3145618993348762e-07
10728,1.4975112705428728e-08
10729,5.045061612918289e-08
1073,1.7091556969717203e-07
10730,0.930412769317627
10731,0.9989117383956909
10732,1.4809400816773177e-08
10733,1.896325011330191e-05
10734,0.0033800157252699137
10735,2.120452336384915e-06
10736,0.054242584854364395
10737,0.9988439083099365
10738,0.6861581206321716
10739,0.8922110795974731
1074,0.9999983310699463
10740,4.335583980719093e-06
10741,0.00881819985806942
10742,0.5363175272941589
10743,0.9999082088470459
10744,0.9970430731773376
10745,0.018918294459581375
10746,6.945118258272487e-09
10747,0.007980101741850376
10748,4.3781037106782605e-07
10749,3.906449137502932e-07
1075,0.9921035766601562
10750,6.473341636592522e-05
10751,1.287642680836143e-05
10752,3.802333878866193e-07
10753,0.9993242025375366
10754,0.033061228692531586
10755,0.9691876769065857
10756,0.9976969361305237
10757,6.623959336593543e-08
10758,0.024601448327302933
10759,0.5077961087226868
1076,0.0005888318410143256
10760,7.884856313467026e-05
10761,0.01644052006304264
10762,1.375173178530531e-05
10763,3.255275089486531e-07
10764,0.3821294605731964
10765,0.11519558727741241
10766,0.8397542834281921
10767,0.9995507597923279
10768,0.9241914749145508
10769,0.9996694326400757
1077,0.00012982962653040886
10770,0.001746780937537551
10771,0.02177462913095951
10772,0.170751690864563
10773,0.7061078548431396
10774,2.899529647493182e-07
10775,0.0002518959518056363
10776,0.3021599054336548
10777,0.4070236384868622
10778,0.00022336887195706367
10779,1.9796008928096853e-05
1078,3.6133443459540615e-11
10780,0.9094838500022888
10781,0.00015078435535542667
10782,0.14463485777378082
10783,0.9654862284660339
10784,3.1352800355932686e-09
10785,0.0005841144011355937
10786,1.523654624691062e-08
10787,0.7823258638381958
10788,0.2944295406341553
10789,9.452487681471666e-09
1079,0.7932990193367004
10790,0.07047802954912186
10791,1.4396557617146755e-06
10792,0.93629390001297
10793,0.0013647087616845965
10794,0.01071091927587986
10795,0.06579867005348206
10796,0.00031799834687262774
10797,0.0014933205675333738
10798,0.3180655241012573
10799,3.9432805351680145e-05
108,0.25084203481674194
1080,0.9957467913627625
10800,8.362909511561156e-07
10801,0.9700164198875427
10802,3.382717466138274e-07
10803,0.4509514570236206
10804,0.0007526804693043232
10805,0.975784182548523
10806,0.6714589595794678
10807,1.6427902949089912e-07
10808,0.00015811475168447942
10809,4.0736477302516505e-08
1081,0.9982910752296448
10810,0.003605152713134885
10811,0.9996416568756104
10812,0.00741553632542491
10813,2.140888855084455e-11
10814,0.0010913580190390348
10815,0.0013253517681732774
10816,0.9373168349266052
10817,0.007126444019377232
10818,8.243180491263047e-05
10819,0.03915070369839668
1082,0.9584014415740967
10820,0.4343670904636383
10821,0.37721750140190125
10822,0.9718167185783386
10823,0.5500545501708984
10824,0.0002010800817515701
10825,0.9999889135360718
10826,0.9998096823692322
10827,5.1504899602150545e-05
10828,1.4433446104966663e-10
10829,0.57155841588974
1083,0.9995309114456177
10830,0.04552021250128746
10831,0.4851303696632385
10832,0.016522349789738655
10833,0.014303578995168209
10834,0.00015663936210330576
10835,1.3243983687516447e-07
10836,0.006926806177943945
10837,0.5103281736373901
10838,0.9993849992752075
10839,3.5114627650045804e-08
1084,0.004394608084112406
10840,0.002014688914641738
10841,1.7245724848180544e-06
10842,0.010241442359983921
10843,0.0004354379198048264
10844,0.9999358654022217
10845,0.5971472263336182
10846,0.9346303939819336
10847,0.9676782488822937
10848,0.9089489579200745
10849,1.4958261544961715e-06
1085,0.074901282787323
10850,0.0008711490081623197
10851,0.9999257326126099
10852,0.002216700930148363
10853,0.8320857882499695
10854,0.9217963814735413
10855,0.032887041568756104
10856,0.00042643339838832617
10857,0.9176616668701172
10858,0.8802195191383362
10859,0.8854349255561829
1086,0.8910176753997803
10860,0.7581178545951843
10861,0.04089992865920067
10862,1.3646824299939908e-05
10863,0.739417552947998
10864,0.9465045928955078
10865,6.936984959793335e-07
10866,0.9788715243339539
10867,2.0090941410533247e-10
10868,0.018018266186118126
10869,0.694757878780365
1087,0.9831836223602295
10870,0.9998056292533875
10871,4.2487849349903684e-10
10872,0.0006624195957556367
10873,0.00019005182548426092
10874,0.0014664652990177274
10875,0.9927224516868591
10876,0.9997872710227966
10877,0.02060614340007305
10878,8.18627631815616e-06
10879,0.9999386072158813
1088,1.3755655459135596e-07
10880,2.6611436965140456e-07
10881,0.0026551950722932816
10882,0.0002653790288604796
10883,0.9972209930419922
10884,2.4329374355147593e-06
10885,0.645721971988678
10886,6.013780762259557e-08
10887,7.147359610826243e-07
10888,0.9994326233863831
10889,0.7972550988197327
1089,0.8470385074615479
10890,0.9999593496322632
10891,0.005518273916095495
10892,0.99989914894104
10893,0.098855160176754
10894,0.00039920705603435636
10895,0.9999998807907104
10896,0.0004511814040597528
10897,0.012300387024879456
10898,0.9863540530204773
10899,0.9998806715011597
109,0.851905345916748
1090,1.3525860595109407e-05
10900,0.9984734654426575
10901,1.0688157914273688e-07
10902,0.9978887438774109
10903,0.9999719858169556
10904,0.05850154906511307
10905,0.9924259185791016
10906,0.0061184740625321865
10907,0.9999258518218994
10908,0.06666436791419983
10909,0.37397879362106323
1091,0.9685940146446228
10910,0.14320078492164612
10911,0.9813888669013977
10912,0.9960087537765503
10913,0.23128296434879303
10914,0.9941216111183167
10915,5.681205038854387e-06
10916,0.9390585422515869
10917,0.012957237660884857
10918,0.7869175672531128
10919,0.9984508752822876
1092,0.872344434261322
10920,0.005559214390814304
10921,0.6111947894096375
10922,0.1491418033838272
10923,0.009098263457417488
10924,0.6853711605072021
10925,0.28780969977378845
10926,0.026352280750870705
10927,0.011028263717889786
10928,9.344954378320836e-06
10929,0.0006093299016356468
1093,0.929513156414032
10930,0.9803134799003601
10931,0.0014057342195883393
10932,0.9999761581420898
10933,0.997313916683197
10934,0.8495092391967773
10935,0.9999788999557495
10936,0.00354636344127357
10937,0.8907859325408936
10938,0.03311924636363983
10939,0.9961155652999878
1094,0.7923340797424316
10940,0.9994955062866211
10941,2.666975160536822e-05
10942,9.137428423855454e-05
10943,0.9875348806381226
10944,0.004606741946190596
10945,2.5334229576401412e-06
10946,0.9984514713287354
10947,4.6873466913455175e-11
10948,0.9361393451690674
10949,0.08084007352590561
1095,0.10321210324764252
10950,9.558425517752767e-08
10951,0.002333334879949689
10952,0.9992409944534302
10953,0.003294446272775531
10954,0.9997166991233826
10955,2.876710641430691e-05
10956,4.239140616846271e-05
10957,0.9638909697532654
10958,4.3770578486146405e-06
10959,0.07847094535827637
1096,0.4951122999191284
10960,0.044223129749298096
10961,0.9776239395141602
10962,0.9188146591186523
10963,0.9987887740135193
10964,1.4811709636575188e-09
10965,7.326613982172603e-09
10966,0.049694981426000595
10967,0.00048326089745387435
10968,0.9994840621948242
10969,0.9979749321937561
1097,0.00016423477791249752
10970,6.149661203380674e-06
10971,0.00013300692080520093
10972,0.003543631173670292
10973,0.999188244342804
10974,2.2439367057813797e-06
10975,0.0071410140953958035
10976,0.12123625725507736
10977,7.565313808299834e-06
10978,0.9126845598220825
10979,0.8443335294723511
1098,0.002839731052517891
10980,9.76021260340465e-12
10981,0.09745614230632782
10982,0.8711350560188293
10983,0.9999924898147583
10984,0.9767084717750549
10985,0.039023373275995255
10986,1.3451779068418546e-06
10987,0.015657078474760056
10988,0.00260662822984159
10989,0.010544169694185257
1099,6.320505576695723e-07
10990,0.9999994039535522
10991,0.005419649183750153
10992,1.3168054424639308e-09
10993,0.9999990463256836
10994,0.9972186088562012
10995,0.003840687917545438
10996,0.9999687671661377
10997,6.914739234756967e-14
10998,0.9997687935829163
10999,0.9252906441688538
11,1.0250215609630686e-07
110,0.9985945820808411
1100,0.0003730030730366707
11000,0.9115387797355652
11001,0.0007567796856164932
11002,0.1494128257036209
11003,0.00189578824210912
11004,0.00281512551009655
11005,0.08179132640361786
11006,0.9994207620620728
11007,0.4516984820365906
11008,2.766693251032848e-05
11009,0.009975429624319077
1101,0.8634809851646423
11010,0.9987909197807312
11011,0.03494687378406525
11012,0.8455821871757507
11013,0.06317958235740662
11014,0.07102048397064209
11015,0.020177379250526428
11016,0.9999945163726807
11017,6.970547588025511e-07
11018,0.06817284226417542
11019,0.9983738660812378
1102,1.0577418834145647e-05
11020,0.5075122117996216
11021,0.19333769381046295
11022,4.358136357041076e-05
11023,0.9983893632888794
11024,0.999977707862854
11025,0.0001779267331585288
11026,0.28137412667274475
11027,0.5044882297515869
11028,0.00829839613288641
11029,0.00772106135264039
1103,2.08586925509735e-07
11030,0.9975119829177856
11031,3.026612516165983e-09
11032,0.6380905508995056
11033,0.01742219738662243
11034,0.23818577826023102
11035,0.16063864529132843
11036,0.9298427700996399
11037,0.9997426867485046
11038,2.9339928460103692e-06
11039,2.8634980253627873e-07
1104,0.993507981300354
11040,0.010234188288450241
11041,0.032035019248723984
11042,5.967237814985538e-10
11043,0.9999556541442871
11044,0.18041686713695526
11045,0.830116331577301
11046,0.8659807443618774
11047,0.9999797344207764
11048,0.5812293291091919
11049,0.4160483479499817
1105,0.999925971031189
11050,0.9849491715431213
11051,0.9997285008430481
11052,0.00029906415147706866
11053,0.99065101146698
11054,0.9990085959434509
11055,3.815613780489002e-08
11056,0.0015879839193075895
11057,0.9137334227561951
11058,0.747229278087616
11059,1.7903203115565702e-06
1106,0.00043784891022369266
11060,0.00011608880595304072
11061,3.566559270140601e-10
11062,0.9998455047607422
11063,3.478105554677313e-06
11064,3.555296279955655e-05
11065,0.9990609288215637
11066,0.9968575239181519
11067,0.0003409428463783115
11068,0.5092068910598755
11069,0.8675715923309326
1107,2.704442522372119e-06
11070,0.008836498484015465
11071,0.999983549118042
11072,0.01694440469145775
11073,0.09472578018903732
11074,0.009928765706717968
11075,0.0017478173831477761
11076,1.743079883453902e-05
11077,2.432665553442348e-07
11078,0.00015813193749636412
11079,0.9998107552528381
1108,0.004316200036555529
11080,0.9999836683273315
11081,0.9999945163726807
11082,8.760938726481982e-06
11083,0.0405825674533844
11084,0.9937122464179993
11085,0.9986419081687927
11086,0.005542920436710119
11087,1.4942292958508574e-09
11088,0.004766691476106644
11089,0.9989481568336487
1109,4.345709385233931e-06
11090,0.01707659848034382
11091,4.447896984061117e-08
11092,0.9981029033660889
11093,0.8628754615783691
11094,0.42662692070007324
11095,0.3685157597064972
11096,0.0001363304618280381
11097,0.9435296654701233
11098,0.23615790903568268
11099,7.164919679780724e-07
111,0.810605525970459
1110,0.0008271016413345933
11100,0.5029872059822083
11101,0.9984486103057861
11102,0.008876320905983448
11103,9.416286417263109e-08
11104,0.9991675615310669
11105,7.133141366466589e-07
11106,3.870600266964175e-06
11107,0.5856090784072876
11108,0.720981240272522
11109,0.00014135903620626777
1111,9.5454353754576e-08
11110,1.720075147204625e-06
11111,1.0
11112,0.42459508776664734
11113,0.5581549406051636
11114,0.9992650151252747
11115,0.0030097723938524723
11116,0.0006629620911553502
11117,0.9998266100883484
11118,9.910867220241926e-07
11119,0.0012974041746929288
1112,4.052988970215665e-06
11120,0.001630063052289188
11121,0.0010950001887977123
11122,2.471213520038873e-05
11123,0.993963897228241
11124,7.572067972638763e-10
11125,0.002136011840775609
11126,0.9997003078460693
11127,0.9991346001625061
11128,9.618756848794874e-07
11129,5.9448234424053226e-06
1113,7.138010885490709e-13
11130,0.02403978817164898
11131,4.635643904293829e-07
11132,0.8749074935913086
11133,0.9999687671661377
11134,0.9204488396644592
11135,0.03738062456250191
11136,0.11156711727380753
11137,0.0003640569048002362
11138,0.8867312669754028
11139,0.9979084730148315
1114,0.9947816729545593
11140,0.9867444038391113
11141,0.3399352729320526
11142,0.8976246118545532
11143,0.9998005032539368
11144,6.730157906531531e-07
11145,0.9657843708992004
11146,0.029078545048832893
11147,0.9899783134460449
11148,0.9982061386108398
11149,0.9998774528503418
1115,0.12466750293970108
11150,0.0003407576587051153
11151,0.9994237422943115
11152,0.999771773815155
11153,0.895875871181488
11154,0.9966490864753723
11155,0.8492456078529358
11156,0.9071251153945923
11157,0.9997192025184631
11158,0.0033602139446884394
11159,0.9988779425621033
1116,0.033850956708192825
11160,0.9485081434249878
11161,0.00013899191981181502
11162,1.8980854292749427e-05
11163,6.671088613074971e-06
11164,0.9998961687088013
11165,0.4159158170223236
11166,9.678588952510836e-08
11167,0.5597460865974426
11168,0.9034217596054077
11169,0.7132048010826111
1117,0.0005098524852655828
11170,0.9971229434013367
11171,0.7877340912818909
11172,9.50057219597511e-05
11173,0.9994713664054871
11174,1.0982890152888558e-08
11175,0.9999996423721313
11176,0.9841959476470947
11177,0.9944553971290588
11178,0.9985015392303467
11179,0.14825913310050964
1118,0.0001140442764153704
11180,0.9910902976989746
11181,0.8640855550765991
11182,0.9938099980354309
11183,0.00018020454444922507
11184,7.281655416591093e-05
11185,0.030487060546875
11186,0.934008002281189
11187,0.053126394748687744
11188,0.9970605969429016
11189,0.9996156692504883
1119,0.0013118089409545064
11190,0.08601665496826172
11191,0.9802833199501038
11192,0.9765223264694214
11193,0.029612481594085693
11194,0.08252604305744171
11195,0.04747134447097778
11196,4.6103195927571505e-07
11197,0.0006652501178905368
11198,0.009584021754562855
11199,0.003871004795655608
112,0.422066330909729
1120,0.0006321664550341666
11200,0.01806083880364895
11201,0.9996801614761353
11202,0.9571319818496704
11203,0.09540203958749771
11204,0.9991693496704102
11205,0.9958296418190002
11206,2.936853960022745e-08
11207,0.002781226299703121
11208,0.0018739214865490794
11209,3.218217636824505e-10
1121,0.9910813570022583
11210,0.9937248826026917
11211,0.9632399082183838
11212,0.026822352781891823
11213,0.03334512561559677
11214,1.4504523804248493e-08
11215,3.0927756142773433e-06
11216,0.8241309523582458
11217,0.9999760389328003
11218,0.017411965876817703
11219,3.220983853680082e-05
1122,0.9386675357818604
11220,0.01657285913825035
11221,0.05680222809314728
11222,0.9924343824386597
11223,0.1157531589269638
11224,0.6826521158218384
11225,0.0003066413046326488
11226,0.0026188790798187256
11227,0.9994165897369385
11228,0.011513737961649895
11229,0.7928318977355957
1123,0.005860252771526575
11230,0.942050576210022
11231,0.010502971708774567
11232,0.19366993010044098
11233,0.0033955180551856756
11234,0.05971197783946991
11235,0.0001434598525520414
11236,3.6575722333509475e-05
11237,0.39060157537460327
11238,1.0
11239,4.453142173588276e-05
1124,4.935364631819539e-05
11240,0.00037430107477121055
11241,0.896631121635437
11242,0.9990288019180298
11243,1.7103550575825466e-08
11244,0.9594420194625854
11245,0.0018941541202366352
11246,3.212177398381755e-05
11247,0.9262459874153137
11248,0.9995023012161255
11249,0.9580289721488953
1125,0.0014884730335325003
11250,0.5296239256858826
11251,0.00021139942691661417
11252,9.889248531180783e-08
11253,0.9981903433799744
11254,0.24943454563617706
11255,0.7323542833328247
11256,0.0002203387557528913
11257,0.008966095745563507
11258,0.9973304271697998
11259,0.6241711378097534
1126,0.0021013901568949223
11260,0.00013932326692156494
11261,0.9579505324363708
11262,0.9988495111465454
11263,7.473247179781446e-15
11264,0.0015574479475617409
11265,0.9979637861251831
11266,0.003778129816055298
11267,0.003708591451868415
11268,0.9690603613853455
11269,0.9999983310699463
1127,0.00012480083387345076
11270,0.09488456696271896
11271,0.047274600714445114
11272,0.9367032051086426
11273,0.8590453863143921
11274,0.9993476271629333
11275,5.645710552926175e-05
11276,7.968194495333591e-07
11277,0.0008458178490400314
11278,0.8864026665687561
11279,0.9929822683334351
1128,0.05640929564833641
11280,0.0006784177385270596
11281,0.9999887943267822
11282,0.9959228038787842
11283,0.0006056215497665107
11284,0.999154806137085
11285,2.5965721306420164e-06
11286,0.9950112104415894
11287,0.8198873996734619
11288,0.3115927577018738
11289,0.06398925185203552
1129,6.4729129007901065e-06
11290,0.6977614164352417
11291,1.8167712667604974e-08
11292,0.8809546828269958
11293,0.9996070265769958
11294,0.9999794960021973
11295,8.412223451159662e-07
11296,0.948340654373169
11297,0.9918426275253296
11298,4.718359195976518e-05
11299,0.017962969839572906
113,0.9512735605239868
1130,0.9998849630355835
11300,0.0025470522232353687
11301,6.606512033613399e-05
11302,0.9561872482299805
11303,0.9979238510131836
11304,0.1991468071937561
11305,0.9722861647605896
11306,0.9457753896713257
11307,0.6883283853530884
11308,0.9849157333374023
11309,0.9976473450660706
1131,0.32570013403892517
11310,0.9476504921913147
11311,0.0012143250787630677
11312,0.9999953508377075
11313,0.0006468126666732132
11314,0.36659103631973267
11315,0.009306613355875015
11316,0.9989328980445862
11317,1.202047428705555e-06
11318,3.116729567409493e-05
11319,0.002075268654152751
1132,0.00463838828727603
11320,0.9031041860580444
11321,0.3457675278186798
11322,0.7331281900405884
11323,0.31731700897216797
11324,0.04724140837788582
11325,4.404165338200983e-06
11326,0.9669448137283325
11327,0.5323680639266968
11328,9.255201439373195e-05
11329,0.032896365970373154
1133,0.07986489683389664
11330,1.8392707943348796e-06
11331,0.9282216429710388
11332,0.9999879598617554
11333,0.593282163143158
11334,0.9999761581420898
11335,0.9436038732528687
11336,7.150931196520105e-06
11337,0.9832912683486938
11338,0.937166154384613
11339,0.00421160040423274
1134,1.7231850790722092e-07
11340,0.00030413767672143877
11341,0.9976280331611633
11342,0.023688923567533493
11343,0.8596222996711731
11344,0.5741142630577087
11345,0.03778238222002983
11346,0.30879661440849304
11347,0.9473608136177063
11348,0.010734735988080502
11349,0.00022026650549378246
1135,0.0048395730555057526
11350,0.7636675238609314
11351,0.0373159758746624
11352,0.9988747239112854
11353,0.01266332808881998
11354,1.7686608771327883e-05
11355,0.9317880272865295
11356,0.9995080232620239
11357,0.9995606541633606
11358,0.9995498061180115
11359,0.0006329308380372822
1136,0.5906134247779846
11360,0.9978517293930054
11361,3.932093477487797e-07
11362,3.6640160350209783e-10
11363,0.9637957215309143
11364,1.2106124813726638e-05
11365,6.346475345253566e-09
11366,0.9999969005584717
11367,0.31421947479248047
11368,0.0003270793822593987
11369,0.8694290518760681
1137,3.828868102573324e-06
11370,0.9999954700469971
11371,0.8401026129722595
11372,0.003240698017179966
11373,3.8495290937135e-06
11374,2.4061293515842408e-05
11375,9.361271077068523e-05
11376,3.858600337025564e-07
11377,0.09276793152093887
11378,0.1278049647808075
11379,1.3359019446212983e-10
1138,1.1910023545169679e-07
11380,0.9994175434112549
11381,0.00020477970247156918
11382,0.14640705287456512
11383,0.9527590274810791
11384,0.002332644537091255
11385,0.9997345805168152
11386,0.14876042306423187
11387,0.9999507665634155
11388,1.5447261247913957e-08
11389,0.0003512846597004682
1139,0.9587405920028687
11390,1.3211047189543024e-07
11391,9.585859515937045e-05
11392,0.2899952828884125
11393,0.04039611294865608
11394,0.9999794960021973
11395,0.9729202389717102
11396,0.002716646296903491
11397,0.0012097078142687678
11398,0.9988089799880981
11399,0.8370900750160217
114,0.3439147174358368
1140,0.001260906457901001
11400,0.9958767890930176
11401,0.030269000679254532
11402,0.00904681347310543
11403,2.4304550606757402e-05
11404,0.20561076700687408
11405,0.004090946167707443
11406,0.18325158953666687
11407,0.797301173210144
11408,0.8956276774406433
11409,5.659071544705796e-10
1141,0.11392916738986969
11410,0.9205188155174255
11411,0.3737614154815674
11412,0.9979165196418762
11413,0.0028005223721265793
11414,2.969997876789421e-05
11415,2.814026447595097e-05
11416,0.9999146461486816
11417,0.9999927282333374
11418,0.7314095497131348
11419,0.997011661529541
1142,0.00014737738820258528
11420,0.9997318387031555
11421,0.0953296348452568
11422,0.9999313354492188
11423,0.9965620636940002
11424,1.1492350495245773e-05
11425,0.9693347215652466
11426,0.9985186457633972
11427,0.9995101690292358
11428,0.9697163701057434
11429,0.9993218183517456
1143,8.153937960742041e-05
11430,0.9723061323165894
11431,3.5963581002107503e-09
11432,4.504768639890244e-06
11433,0.00013293491792865098
11434,1.1575008329600678e-07
11435,0.9805124998092651
11436,0.9527199864387512
11437,0.912075936794281
11438,0.991214394569397
11439,0.9999037981033325
1144,0.9996936321258545
11440,1.3749008758168202e-06
11441,0.8773699998855591
11442,0.9999356269836426
11443,0.9999997615814209
11444,0.001586473430506885
11445,0.98792564868927
11446,0.00021893107623327523
11447,0.015384831465780735
11448,0.9047046899795532
11449,0.2141660898923874
1145,0.8242899775505066
11450,0.26805078983306885
11451,0.17950539290905
11452,0.00046481567551381886
11453,0.9477681517601013
11454,0.4063340425491333
11455,2.926589695562143e-05
11456,0.09575090557336807
11457,6.294439117482398e-06
11458,0.006512483116239309
11459,0.9999973773956299
1146,0.9999244213104248
11460,0.0003865884500555694
11461,0.9831287264823914
11462,0.23005764186382294
11463,0.00016073267033789307
11464,0.8762118816375732
11465,0.00038232747465372086
11466,0.00012245032121427357
11467,3.182075306540355e-05
11468,0.49889880418777466
11469,0.9983798265457153
1147,0.9757621884346008
11470,0.9973549842834473
11471,0.285029798746109
11472,0.9960525035858154
11473,2.7815547198883905e-08
11474,0.9223206639289856
11475,0.026727836579084396
11476,6.861014156811507e-08
11477,2.4689899105236057e-14
11478,0.0008062726119533181
11479,0.14960889518260956
1148,3.320010499158199e-12
11480,0.002992468886077404
11481,5.982534467818823e-09
11482,0.008321029134094715
11483,0.971989631652832
11484,0.08303162455558777
11485,4.026427120606968e-07
11486,0.999049723148346
11487,0.9541764855384827
11488,0.9999547004699707
11489,1.7593198720078362e-07
1149,0.9993601441383362
11490,0.7924330234527588
11491,5.442677905587168e-11
11492,4.806746574104181e-07
11493,6.212273547134828e-06
11494,0.2112596184015274
11495,9.135720756603405e-05
11496,0.9973709583282471
11497,0.9158174991607666
11498,5.5282590949445876e-08
11499,0.0001601884578121826
115,0.010064764879643917
1150,5.154077371116728e-06
11500,0.0005549007910303771
11501,5.698992140423798e-07
11502,0.9270031452178955
11503,0.3784686326980591
11504,8.683467833670022e-11
11505,0.0436612069606781
11506,0.9999526739120483
11507,0.9666619300842285
11508,2.090562020384823e-06
11509,0.007016551215201616
1151,0.9942920207977295
11510,0.001523609389550984
11511,0.15326201915740967
11512,0.9899325370788574
11513,0.9986914992332458
11514,0.013413543812930584
11515,0.04430729150772095
11516,0.9927202463150024
11517,0.4810035228729248
11518,0.0006420512800104916
11519,0.00833579059690237
1152,7.381277100648731e-07
11520,0.655921220779419
11521,0.02052265964448452
11522,0.12011384963989258
11523,6.821216658181584e-08
11524,0.29948192834854126
11525,0.7762632966041565
11526,0.8232291340827942
11527,0.9504179358482361
11528,2.728210990454727e-09
11529,2.7462822345114546e-06
1153,2.4231272370556223e-12
11530,0.9975982308387756
11531,3.2588776122111085e-08
11532,0.17126481235027313
11533,0.9995753169059753
11534,4.02014137534934e-08
11535,0.00010815821588039398
11536,0.998979389667511
11537,0.999731719493866
11538,0.9506070613861084
11539,0.9999942779541016
1154,0.9858083724975586
11540,4.801587465408375e-07
11541,0.8047543168067932
11542,0.9616137742996216
11543,5.509602488018572e-06
11544,0.0008856461499817669
11545,4.879825610260013e-07
11546,0.00040279654785990715
11547,9.503662301568738e-10
11548,0.9825604557991028
11549,1.6048415374392277e-10
1155,0.9999594688415527
11550,0.08224058896303177
11551,0.0032111331820487976
11552,0.9999358654022217
11553,0.9809783697128296
11554,0.9418975114822388
11555,0.9980691075325012
11556,5.0997095968341455e-05
11557,1.180532738231932e-08
11558,0.9998670816421509
11559,0.005210398230701685
1156,0.8144865036010742
11560,9.565538050537725e-08
11561,0.0003039881121367216
11562,0.0016899454640224576
11563,2.4217310379270884e-09
11564,2.4674061904761402e-08
11565,0.006904733367264271
11566,2.2979423874858185e-07
11567,0.9999939203262329
11568,2.246031363029033e-05
11569,0.6373799443244934
1157,0.9998663663864136
11570,0.8831780552864075
11571,0.6218758225440979
11572,0.00037021818570792675
11573,3.371597223633671e-09
11574,1.802087717805989e-05
11575,0.9989474415779114
11576,0.999953031539917
11577,0.06277412176132202
11578,5.361358489608392e-05
11579,0.9983660578727722
1158,0.9996695518493652
11580,0.003035430097952485
11581,0.9617249369621277
11582,1.1821148859780806e-07
11583,1.5276960766641423e-05
11584,0.9970724582672119
11585,0.5023792386054993
11586,0.9999992847442627
11587,1.5386010687734597e-08
11588,2.8004851628793404e-06
11589,0.999233603477478
1159,0.0003722488763742149
11590,0.00047660968266427517
11591,1.7156502281068242e-06
11592,0.0001636307715671137
11593,0.591393768787384
11594,0.0008470135508105159
11595,0.010056963190436363
11596,9.518726437818259e-05
11597,0.0021639398764818907
11598,0.00023515106295235455
11599,4.776315108756535e-05
116,3.181656575179659e-05
1160,0.002719852142035961
11600,0.21122992038726807
11601,0.14388634264469147
11602,0.9952874183654785
11603,0.980466902256012
11604,0.5419871807098389
11605,0.014907344244420528
11606,0.9456149339675903
11607,0.9538564085960388
11608,0.0011104341829195619
11609,0.01710033044219017
1161,0.8603314757347107
11610,1.0207838840869954e-07
11611,0.05043298751115799
11612,3.642729643615894e-05
11613,0.069416344165802
11614,2.5752457943895024e-09
11615,3.1691117783338996e-06
11616,0.9817088842391968
11617,0.9901008605957031
11618,0.002932505449280143
11619,0.0005184023175388575
1162,0.9651280045509338
11620,3.2893404977585305e-07
11621,0.00030464789597317576
11622,0.0009935048874467611
11623,0.9997262358665466
11624,0.8217954039573669
11625,0.992265522480011
11626,0.9998088479042053
11627,0.973416805267334
11628,0.9564639925956726
11629,0.9278439283370972
1163,0.009904617443680763
11630,0.012607011012732983
11631,0.9225588440895081
11632,0.06391437351703644
11633,8.375368634006009e-05
11634,0.02983914129436016
11635,0.011654993519186974
11636,0.01721419021487236
11637,0.0061930022202432156
11638,0.005430780351161957
11639,0.0005796391051262617
1164,0.00020709846285171807
11640,0.9997116923332214
11641,1.7659647255641175e-07
11642,0.01767568476498127
11643,0.0028485022485256195
11644,0.004023781046271324
11645,1.3182255315768998e-05
11646,0.999861478805542
11647,0.0015982501208782196
11648,0.9999889135360718
11649,0.6337323188781738
1165,0.018552973866462708
11650,0.6048750281333923
11651,0.505428671836853
11652,0.0005968880723230541
11653,0.0003905240446329117
11654,0.006127539556473494
11655,0.9999866485595703
11656,0.9719702005386353
11657,0.1714855432510376
11658,1.0640089840308065e-06
11659,2.2688032913720235e-05
1166,0.9395853877067566
11660,0.6879372596740723
11661,2.0897348349535605e-06
11662,0.0004902704968117177
11663,0.38869285583496094
11664,0.0010404323693364859
11665,0.9967016577720642
11666,6.427718801660376e-09
11667,0.06294051557779312
11668,1.2224199963384308e-07
11669,0.9930837154388428
1167,0.03069179691374302
11670,0.9970009922981262
11671,0.9399415254592896
11672,9.115058674069587e-06
11673,0.9961556792259216
11674,0.926194429397583
11675,0.09898064285516739
11676,0.03911708667874336
11677,0.977564811706543
11678,0.0028331626672297716
11679,1.2567933481477667e-05
1168,5.2657347232587526e-11
11680,0.02208121307194233
11681,0.9999940395355225
11682,0.03050938807427883
11683,0.998860239982605
11684,0.00865410827100277
11685,0.013807514682412148
11686,0.00018319358059670776
11687,0.2167859822511673
11688,0.9944517016410828
11689,9.003316563394037e-07
1169,0.00032146411831490695
11690,0.960735023021698
11691,0.2685425281524658
11692,2.1322364318621112e-08
11693,0.00013085061800666153
11694,0.2523053288459778
11695,0.011205977760255337
11696,0.9630668759346008
11697,0.9984909296035767
11698,0.0031741850543767214
11699,0.9991063475608826
117,0.00022192110191099346
1170,0.003986097872257233
11700,1.581087344382226e-11
11701,2.726698585320264e-05
11702,0.0010027660755440593
11703,7.135876671782171e-07
11704,0.0004305550246499479
11705,0.9972053170204163
11706,0.7017749547958374
11707,0.9850289225578308
11708,1.4456513763860812e-09
11709,0.6237505674362183
1171,0.0015579017344862223
11710,1.7773588751879288e-06
11711,0.09045050293207169
11712,0.003905555699020624
11713,0.9993594288825989
11714,7.464223017450422e-05
11715,0.006631311494857073
11716,0.1963445544242859
11717,0.015078334137797356
11718,0.9679122567176819
11719,3.5928267152485205e-06
1172,0.9560735821723938
11720,0.9998897314071655
11721,0.7809361219406128
11722,0.0014959415420889854
11723,0.8912323117256165
11724,0.24151349067687988
11725,0.9667866826057434
11726,0.005888806656002998
11727,4.533496280600957e-07
11728,0.00039410029421560466
11729,0.9676229953765869
1173,0.9932917356491089
11730,0.9997599720954895
11731,0.9999291896820068
11732,0.9997274279594421
11733,0.9982722997665405
11734,0.0017609935021027923
11735,0.7777696251869202
11736,0.8649075031280518
11737,0.0009661231888458133
11738,5.052221467849449e-07
11739,0.0003044707409571856
1174,0.9995884299278259
11740,0.999981164932251
11741,0.10309866070747375
11742,8.179241173245089e-10
11743,0.014768172055482864
11744,0.00045466594747267663
11745,0.03333474323153496
11746,0.9802257418632507
11747,4.307739345676964e-06
11748,0.0002629889640957117
11749,0.9999945163726807
1175,0.9997037053108215
11750,1.4532886893903196e-07
11751,1.5745505152153783e-05
11752,0.9832951426506042
11753,0.991772472858429
11754,7.531230949098244e-05
11755,0.00039265071973204613
11756,0.9544376730918884
11757,0.2925014793872833
11758,0.9999843835830688
11759,0.01776154525578022
1176,2.252054986939811e-09
11760,0.9971016049385071
11761,0.9783292412757874
11762,8.643962064525113e-05
11763,0.8180457949638367
11764,0.6801567673683167
11765,0.6396502256393433
11766,0.9956856966018677
11767,0.9999815225601196
11768,5.972965664113872e-05
11769,0.5140494704246521
1177,8.80873358255485e-06
11770,0.007555975113064051
11771,1.5662582882214338e-05
11772,0.037018656730651855
11773,0.873924970626831
11774,0.9951767921447754
11775,0.7311566472053528
11776,0.31429365277290344
11777,0.01775045320391655
11778,0.8916780352592468
11779,7.968194495333591e-07
1178,0.8561330437660217
11780,0.9151188135147095
11781,0.016543950885534286
11782,0.7835966944694519
11783,1.7077081082561563e-08
11784,2.277804469486e-06
11785,0.030434655025601387
11786,3.145145092275925e-05
11787,0.9683440923690796
11788,0.3400545120239258
11789,0.00013603853585664183
1179,0.9999881982803345
11790,0.9819673299789429
11791,0.9079691171646118
11792,0.9940014481544495
11793,0.0037350209895521402
11794,2.679456702026073e-05
11795,0.9999946355819702
11796,2.4518506052118028e-06
11797,0.6364884376525879
11798,5.894438800169155e-05
11799,0.04586787894368172
118,0.9997745156288147
1180,0.9998911619186401
11800,0.0030532951932400465
11801,0.017720073461532593
11802,0.00018444798479322344
11803,5.008732144318184e-12
11804,0.9999517202377319
11805,0.9837366938591003
11806,3.744791683857329e-05
11807,9.455801697200172e-10
11808,0.0044406321831047535
11809,0.9949238896369934
1181,1.274117789051843e-08
11810,0.9990701079368591
11811,5.985687607790169e-07
11812,0.002120547229424119
11813,5.531410715775564e-05
11814,0.5640363693237305
11815,0.9977335929870605
11816,0.9991521835327148
11817,1.4371878023666795e-05
11818,0.9955933690071106
11819,0.007246152963489294
1182,0.9997773766517639
11820,0.7648878693580627
11821,0.9538862109184265
11822,0.9961600303649902
11823,0.9988828301429749
11824,0.39885157346725464
11825,0.31927263736724854
11826,0.9677125215530396
11827,0.9942213296890259
11828,0.3043295443058014
11829,0.9989763498306274
1183,0.8253164291381836
11830,0.003897683694958687
11831,0.9999761581420898
11832,0.6706457734107971
11833,0.016785316169261932
11834,0.999259889125824
11835,0.9996253252029419
11836,0.01334426924586296
11837,0.9994688630104065
11838,0.9980753660202026
11839,0.987169623374939
1184,0.9864267706871033
11840,0.9823065400123596
11841,0.9999966621398926
11842,0.0004447929095476866
11843,0.999250590801239
11844,2.2736116079613566e-05
11845,0.04117609187960625
11846,0.3919368386268616
11847,0.8932917714118958
11848,0.20708967745304108
11849,0.9921229481697083
1185,3.502279000144881e-08
11850,0.027591915801167488
11851,0.9658693075180054
11852,0.9998986721038818
11853,6.962429324630648e-06
11854,0.00043182368972338736
11855,0.9997263550758362
11856,5.03986370858911e-07
11857,1.7539552572998218e-05
11858,0.0001402291818521917
11859,5.397555651143193e-05
1186,0.9998530149459839
11860,0.0036694849841296673
11861,0.9960097074508667
11862,0.9358884692192078
11863,0.8619632124900818
11864,8.201006858143955e-05
11865,0.00019209210586268455
11866,0.00023055289057083428
11867,0.9996782541275024
11868,1.035412606142927e-05
11869,0.9992473125457764
1187,0.0004984422703273594
11870,0.7321466207504272
11871,0.9982483386993408
11872,0.05405746027827263
11873,0.051811669021844864
11874,0.9854381084442139
11875,0.3811852037906647
11876,5.888348368898733e-06
11877,0.9998620748519897
11878,0.9998453855514526
11879,0.8525830507278442
1188,0.00043102522613480687
11880,1.9311955838929862e-05
11881,0.9992167949676514
11882,0.9603584408760071
11883,0.7496272921562195
11884,1.0927850553343887e-06
11885,5.017966930864759e-09
11886,0.9632269740104675
11887,1.546516068628989e-05
11888,1.549046260151954e-07
11889,7.715112587902695e-06
1189,0.6674411296844482
11890,1.3098597761995734e-08
11891,0.0013781198067590594
11892,0.9841912984848022
11893,0.000599311082623899
11894,0.8302604556083679
11895,0.9964087605476379
11896,0.0022206855937838554
11897,0.9834677577018738
11898,8.17903783172369e-05
11899,0.13166813552379608
119,0.905681848526001
1190,0.9866065979003906
11900,0.008013608865439892
11901,0.8082739114761353
11902,0.15432827174663544
11903,2.0274204871384427e-05
11904,0.573781430721283
11905,4.6172546717571095e-05
11906,0.9999085664749146
11907,0.712380588054657
11908,0.43622690439224243
11909,4.281531801098026e-05
1191,0.9826362133026123
11910,0.9999792575836182
11911,3.381065835128538e-05
11912,3.206010745770982e-08
11913,1.9283486266119532e-11
11914,0.5684642195701599
11915,4.2285460949642584e-05
11916,1.0349614967708476e-05
11917,0.021130764856934547
11918,0.9860399961471558
11919,2.7519772061168624e-07
1192,1.4859495422570035e-05
11920,0.9636486768722534
11921,0.99988853931427
11922,0.7384636998176575
11923,0.976637065410614
11924,0.0001409536343999207
11925,4.7892706510690997e-14
11926,0.9940974712371826
11927,0.00015286072448361665
11928,0.9533332586288452
11929,0.6368593573570251
1193,2.1485703882717644e-08
11930,8.677177538629621e-05
11931,0.024722659960389137
11932,0.987846314907074
11933,5.252890332485549e-06
11934,0.9990655779838562
11935,0.003281204728409648
11936,3.524374551489018e-05
11937,3.656560875242576e-05
11938,0.026842007413506508
11939,0.9335381984710693
1194,2.573315909318308e-13
11940,0.9997077584266663
11941,0.999995231628418
11942,3.6914725569658913e-06
11943,1.4275929061113857e-05
11944,0.9999973773956299
11945,0.0036409860476851463
11946,0.01774347759783268
11947,0.015909787267446518
11948,4.386980947401753e-07
11949,0.10292301326990128
1195,0.8474116921424866
11950,1.6864723875187337e-05
11951,0.9916327595710754
11952,0.999893069267273
11953,0.9635608196258545
11954,0.9980225563049316
11955,0.9961439371109009
11956,0.9990531802177429
11957,0.9900875687599182
11958,0.8796056509017944
11959,0.0006846047472208738
1196,0.15644106268882751
11960,0.839798629283905
11961,0.9934554696083069
11962,0.4070266783237457
11963,0.997086226940155
11964,0.9983118772506714
11965,0.4127581715583801
11966,5.273775241221301e-05
11967,0.9931135773658752
11968,0.5648735761642456
11969,0.9999494552612305
1197,0.9468504190444946
11970,0.0055337343364953995
11971,0.0003748484596144408
11972,0.3449707627296448
11973,0.32362231612205505
11974,3.68985342902306e-06
11975,0.0019300772110000253
11976,0.011646010912954807
11977,0.46712180972099304
11978,6.748160558345262e-06
11979,0.9999992847442627
1198,1.4529438203680911e-06
11980,0.89408940076828
11981,0.3641307055950165
11982,0.013100991025567055
11983,0.0022147968411445618
11984,0.9999042749404907
11985,0.0011969259940087795
11986,0.01692880131304264
11987,0.9999979734420776
11988,0.06172272562980652
11989,3.0314905075101706e-07
1199,9.265893822885118e-06
11990,0.9999431371688843
11991,0.028101565316319466
11992,0.6985873579978943
11993,1.1943008360049134e-07
11994,0.005745388101786375
11995,0.9927928447723389
11996,0.000937442819122225
11997,0.5907055735588074
11998,0.9182958602905273
11999,0.9067301750183105
12,0.9998353719711304
120,0.0057415105402469635
1200,0.9983381032943726
12000,0.27676090598106384
12001,0.009821774438023567
12002,0.3490166962146759
12003,0.0025383280590176582
12004,0.00031719807884655893
12005,0.9996076226234436
12006,0.7346131801605225
12007,0.20632927119731903
12008,0.895694375038147
12009,0.3989582061767578
1201,0.9969311952590942
12010,0.8519865870475769
12011,0.311809778213501
12012,0.998969554901123
12013,0.9959033131599426
12014,0.9574401378631592
12015,0.37538760900497437
12016,0.012740490958094597
12017,0.9998093247413635
12018,7.997070497367531e-05
12019,5.863178031972893e-08
1202,2.2452024239782986e-08
12020,8.743201760808006e-06
12021,0.9999128580093384
12022,0.01808340661227703
12023,0.9809119701385498
12024,0.984021008014679
12025,1.0563376235950273e-05
12026,0.975480318069458
12027,1.6347581066611383e-08
12028,0.8990409970283508
12029,0.0036715774331241846
1203,0.09536916017532349
12030,0.9677222967147827
12031,0.0011980623239651322
12032,0.23069927096366882
12033,0.9731689095497131
12034,0.00023322811466641724
12035,0.9993801116943359
12036,3.873420791933313e-05
12037,0.8238404393196106
12038,0.9994634985923767
12039,0.9780213832855225
1204,0.005684769246727228
12040,0.9997881054878235
12041,0.000574682664591819
12042,0.9996851682662964
12043,0.02565080299973488
12044,7.69085545471171e-06
12045,0.00019525444076862186
12046,2.733819928835146e-05
12047,0.0001345694181509316
12048,0.9999948740005493
12049,4.272936621418921e-06
1205,0.9567423462867737
12050,0.07254859060049057
12051,0.8302992582321167
12052,0.8108250498771667
12053,0.0038700455334037542
12054,0.9994768500328064
12055,0.9741369485855103
12056,0.21253859996795654
12057,0.9999755620956421
12058,0.006086873356252909
12059,1.0025679175740265e-09
1206,0.9190790057182312
12060,0.9988289475440979
12061,0.9629943370819092
12062,0.3345153331756592
12063,0.9982196688652039
12064,0.9998082518577576
12065,6.521149180545305e-13
12066,0.0016969538992270827
12067,2.4298571588587947e-05
12068,3.215630931663327e-05
12069,1.8449490199468066e-11
1207,0.9994285702705383
12070,1.3241461829238688e-06
12071,0.001791352522559464
12072,0.00032067287247627974
12073,2.3215334010728839e-07
12074,0.15614646673202515
12075,0.020209122449159622
12076,0.9999071359634399
12077,0.00025174423353746533
12078,0.02963223122060299
12079,0.9733852744102478
1208,0.03306083381175995
12080,0.9545902609825134
12081,0.16062209010124207
12082,0.9966071844100952
12083,0.1013324186205864
12084,7.2951966103573795e-06
12085,3.454107354627922e-05
12086,0.9353182315826416
12087,0.9890041947364807
12088,0.0008328286930918694
12089,3.780407496378757e-05
1209,0.0006023294408805668
12090,0.9986432194709778
12091,0.005064289551228285
12092,0.9998176693916321
12093,5.314271675160853e-06
12094,0.21867401897907257
12095,4.271565146041212e-08
12096,0.9997062087059021
12097,0.019318003207445145
12098,0.9974108338356018
12099,0.9998540878295898
121,0.8661670684814453
1210,0.009050465188920498
12100,0.07721509784460068
12101,5.382725021263468e-07
12102,7.465102385140199e-07
12103,4.578996293247428e-09
12104,0.5247278809547424
12105,1.969388279121631e-07
12106,4.826682697967044e-07
12107,0.8902632594108582
12108,0.999987006187439
12109,0.010278493165969849
1211,0.9697716236114502
12110,0.020699014887213707
12111,0.039019521325826645
12112,0.9999450445175171
12113,0.9968193769454956
12114,0.71445631980896
12115,0.0039300741627812386
12116,0.00030442577553912997
12117,0.999998927116394
12118,2.559380263278399e-09
12119,5.494137553796463e-07
1212,0.000429970386903733
12120,0.0971321240067482
12121,0.29861563444137573
12122,0.9990090131759644
12123,0.8222656846046448
12124,1.8856637085118422e-10
12125,0.5818326473236084
12126,0.9869736433029175
12127,0.0012062236201018095
12128,0.0014314482687041163
12129,1.1300854474427524e-08
1213,0.02233445644378662
12130,0.00969901867210865
12131,0.9999827146530151
12132,2.340430349523359e-10
12133,0.0019164052791893482
12134,0.021898603066802025
12135,0.6821486353874207
12136,2.091604983434081e-05
12137,6.378223042702302e-05
12138,0.00013977568596601486
12139,0.9999707937240601
1214,0.9722431302070618
12140,0.8769152164459229
12141,1.2631099366444687e-07
12142,0.06717588007450104
12143,0.9912084341049194
12144,2.087339652234732e-07
12145,0.9999997615814209
12146,0.3567984998226166
12147,0.5401846766471863
12148,0.09527582675218582
12149,0.9999969005584717
1215,0.9521628618240356
12150,0.0003201132931280881
12151,6.181205769451026e-09
12152,1.8062513845507056e-05
12153,0.9958363771438599
12154,1.5732646296839903e-09
12155,0.7808141112327576
12156,0.9970321655273438
12157,0.928257167339325
12158,0.0028992306906729937
12159,1.0634262253006455e-05
1216,0.9999756813049316
12160,0.9999980926513672
12161,1.4323523828352336e-05
12162,0.006408826448023319
12163,0.9230061769485474
12164,1.607312150042617e-08
12165,0.00792185589671135
12166,2.38649931816326e-06
12167,0.9999979734420776
12168,0.0002825820411089808
12169,0.009677332825958729
1217,0.4440648853778839
12170,0.9958261847496033
12171,7.7351629443001e-05
12172,0.8645089864730835
12173,0.0006328702438622713
12174,0.04571222886443138
12175,0.5703644752502441
12176,2.0781556475668594e-09
12177,0.9993288516998291
12178,0.9954373240470886
12179,0.9919961094856262
1218,0.0001565266284160316
12180,0.999976634979248
12181,0.009777448140084743
12182,0.04166761785745621
12183,0.5418866872787476
12184,0.896006166934967
12185,2.4584029233665206e-05
12186,0.9170002341270447
12187,4.21248023485532e-06
12188,1.0
12189,0.9973115921020508
1219,0.05248965322971344
12190,0.0812191441655159
12191,0.9996341466903687
12192,0.999921441078186
12193,8.049068128457293e-06
12194,5.5243155657080933e-05
12195,1.5653123328768226e-12
12196,0.9948850274085999
12197,0.03497781231999397
12198,5.711973790312186e-05
12199,0.9940065145492554
122,0.00022116971376817673
1220,1.0924309208348859e-05
12200,0.6234093904495239
12201,0.9965900182723999
12202,3.534808903915554e-11
12203,0.0002989643544424325
12204,1.311697019446001e-06
12205,0.0976158082485199
12206,0.40353891253471375
12207,0.7918021082878113
12208,0.905535101890564
12209,5.325719394022599e-05
1221,0.0032351987902075052
12210,0.0010468020336702466
12211,2.4149845557985827e-05
12212,0.016488973051309586
12213,0.9634469151496887
12214,0.006926636211574078
12215,3.7003817851655185e-05
12216,0.00032634648960083723
12217,5.486806458065985e-07
12218,0.00038980747922323644
12219,0.9911802411079407
1222,0.00013028028479311615
12220,0.01936180144548416
12221,9.379876431125922e-09
12222,0.15692828595638275
12223,0.02999865449965
12224,0.9411511421203613
12225,0.9250616431236267
12226,0.9999386072158813
12227,3.581051714718342e-05
12228,0.8443916440010071
12229,0.00011761800851672888
1223,0.9766606688499451
12230,0.9176491498947144
12231,0.9709244966506958
12232,0.03382028266787529
12233,0.3681122660636902
12234,0.9717550873756409
12235,0.9931487441062927
12236,0.5906937122344971
12237,0.8398838639259338
12238,0.9387075304985046
12239,0.0011455913772806525
1224,0.9954740405082703
12240,0.00020364140800666064
12241,0.00448096776381135
12242,0.11193112283945084
12243,0.0003384040610399097
12244,4.232576975482516e-05
12245,0.9946936964988708
12246,0.9994454979896545
12247,3.337125963298604e-05
12248,0.9986461997032166
12249,0.9999991655349731
1225,0.04707212373614311
12250,0.9979299306869507
12251,0.8850510716438293
12252,0.25957608222961426
12253,0.001018766313791275
12254,0.9999994039535522
12255,2.1623982320306823e-06
12256,0.027617046609520912
12257,0.0035024783574044704
12258,0.0047377292066812515
12259,0.03827083483338356
1226,0.0018587197409942746
12260,0.9999915361404419
12261,0.0004487581318244338
12262,0.9999903440475464
12263,0.5713090896606445
12264,0.9995017051696777
12265,0.0005890914471819997
12266,5.148383479536278e-06
12267,0.006198920775204897
12268,0.9999773502349854
12269,0.9877315163612366
1227,0.9986900687217712
12270,0.821255624294281
12271,0.0053816549479961395
12272,0.16199347376823425
12273,0.9757205247879028
12274,0.7771677374839783
12275,0.017897730693221092
12276,0.0022415269631892443
12277,0.7671672701835632
12278,0.4905889630317688
12279,0.4958544969558716
1228,4.4028761294612195e-06
12280,5.98294764131424e-06
12281,0.9994839429855347
12282,0.7579243779182434
12283,1.5786120002303505e-06
12284,0.18481235206127167
12285,1.198215704789618e-05
12286,2.0343737111572224e-11
12287,0.7049118280410767
12288,0.2563669979572296
12289,0.0010193944908678532
1229,5.766214030700212e-07
12290,0.21365638077259064
12291,0.04224494472146034
12292,0.9965589642524719
12293,0.6812648773193359
12294,0.9981426000595093
12295,9.503721685177879e-07
12296,0.16183358430862427
12297,0.02210157737135887
12298,0.9829543232917786
12299,0.0005300276097841561
123,0.002282575238496065
1230,6.2264134612632915e-06
12300,0.9999524354934692
12301,0.00010661342821549624
12302,0.001269961823709309
12303,0.7808179259300232
12304,0.9999997615814209
12305,0.06791094690561295
12306,0.00791784655302763
12307,0.055369358509778976
12308,0.0001226010062964633
12309,0.8412111401557922
1231,0.8831121325492859
12310,0.7569460868835449
12311,0.9686524868011475
12312,0.9950658082962036
12313,0.9971977472305298
12314,0.9306246638298035
12315,0.003008805215358734
12316,0.014813531190156937
12317,0.9989832043647766
12318,0.995455265045166
12319,0.0003630324499681592
1232,0.9979225993156433
12320,0.9910176992416382
12321,0.1567336916923523
12322,0.17335963249206543
12323,0.2792334258556366
12324,1.69743307196768e-05
12325,0.004074431024491787
12326,0.0964210107922554
12327,0.022424200549721718
12328,1.0
12329,0.013777600601315498
1233,4.060781066073105e-06
12330,0.0021248983684927225
12331,0.07319749891757965
12332,0.9994390606880188
12333,0.2923720180988312
12334,0.006147643551230431
12335,0.7739253640174866
12336,0.1276979297399521
12337,0.002177647314965725
12338,0.9976522326469421
12339,0.7126702666282654
1234,0.029869718477129936
12340,1.2184999320652423e-07
12341,0.999983549118042
12342,0.6743884682655334
12343,0.01664750464260578
12344,0.13299742341041565
12345,3.515983735269401e-07
12346,0.1301393210887909
12347,0.9419444799423218
12348,0.12427818030118942
12349,1.3762704611508525e-06
1235,0.9607937932014465
12350,0.9998441934585571
12351,0.11325889080762863
12352,0.9143613576889038
12353,0.00010240585106657818
12354,0.13808205723762512
12355,0.9550336599349976
12356,4.686488682636991e-05
12357,0.9999551773071289
12358,0.9861447811126709
12359,0.9599059224128723
1236,0.9952433705329895
12360,0.0014586792094632983
12361,0.9999955892562866
12362,0.9389645457267761
12363,2.11406563721539e-06
12364,0.6091527938842773
12365,0.6178473830223083
12366,0.9873429536819458
12367,0.9174103140830994
12368,4.7417270110372556e-09
12369,0.39270639419555664
1237,0.9992538094520569
12370,0.00530599569901824
12371,0.9908236265182495
12372,0.8849865794181824
12373,2.3025035261525773e-05
12374,3.4612297836883466e-13
12375,0.0038744232151657343
12376,0.19830544292926788
12377,0.996738851070404
12378,0.9931054711341858
12379,0.9998576641082764
1238,0.9998863935470581
12380,0.34315013885498047
12381,0.9995299577713013
12382,0.9981136322021484
12383,0.44049355387687683
12384,6.612916331505403e-05
12385,0.9999724626541138
12386,0.0003059740411117673
12387,1.0515832996049745e-11
12388,1.1206943781871814e-06
12389,2.1021455722802784e-06
1239,0.898475170135498
12390,0.8560931086540222
12391,0.9903901815414429
12392,0.9998819828033447
12393,0.9717280864715576
12394,4.776550213136943e-07
12395,0.0018399618566036224
12396,0.5769549012184143
12397,4.4480557015447175e-09
12398,0.1082332655787468
12399,0.263301819562912
124,0.0012504940386861563
1240,4.170803094893927e-06
12400,0.8128312826156616
12401,0.9384291768074036
12402,3.4443264240735516e-08
12403,0.5034169554710388
12404,0.031072303652763367
12405,0.009211772121489048
12406,7.942855972942198e-08
12407,0.0003264706174377352
12408,7.342395110754296e-05
12409,0.9759348630905151
1241,0.9988107681274414
12410,1.3039967598160729e-05
12411,0.4207034111022949
12412,0.8925051689147949
12413,0.0001819228782551363
12414,0.9689610600471497
12415,0.019992848858237267
12416,0.9951397180557251
12417,0.09287126362323761
12418,1.7612010196899064e-05
12419,0.49290865659713745
1242,0.9999926090240479
12420,0.002246055519208312
12421,0.17555145919322968
12422,0.9330347776412964
12423,0.011658558622002602
12424,0.9276542067527771
12425,0.9999767541885376
12426,0.018290767446160316
12427,0.07077962905168533
12428,7.716532479662419e-08
12429,0.034519534558057785
1243,0.6825769543647766
12430,0.7978377342224121
12431,0.10871298611164093
12432,0.9998626708984375
12433,0.9989724159240723
12434,2.063192005152814e-05
12435,0.9999845027923584
12436,0.9986575841903687
12437,5.948879433503862e-08
12438,0.7856947779655457
12439,0.4743656516075134
1244,8.024532871786505e-05
12440,0.060775112360715866
12441,0.0004099049256183207
12442,0.9971713423728943
12443,0.0008402865496464074
12444,0.7253028750419617
12445,3.997652675025165e-05
12446,2.6861879040551706e-11
12447,0.7737891674041748
12448,0.9949572682380676
12449,0.38722628355026245
1245,5.3551761084236205e-05
12450,1.0160254078073194e-06
12451,6.0513673815876245e-05
12452,0.9737132787704468
12453,0.00013108152779750526
12454,0.7220923900604248
12455,2.4186030714190565e-05
12456,0.08459817618131638
12457,0.4709891378879547
12458,0.00174516043625772
12459,0.9968926906585693
1246,7.991298502929567e-07
12460,0.8576705455780029
12461,0.009452955797314644
12462,2.299054585819249e-06
12463,0.9990473389625549
12464,0.9269098043441772
12465,0.7110214233398438
12466,6.642856169492006e-05
12467,0.9997345805168152
12468,2.7590299396251794e-06
12469,0.0004484470118768513
1247,0.0008134293602779508
12470,0.9675737619400024
12471,0.9980131387710571
12472,0.9995664954185486
12473,0.031536590307950974
12474,0.2048582136631012
12475,0.002900634426623583
12476,0.7621150016784668
12477,0.729231595993042
12478,0.6686745285987854
12479,2.6725929913595792e-08
1248,0.9358319044113159
12480,0.0007519760401919484
12481,0.0023326065856963396
12482,6.0952156673010904e-06
12483,5.518181751540396e-07
12484,0.46210262179374695
12485,4.693250957643613e-05
12486,0.9999947547912598
12487,0.9999457597732544
12488,0.7559425830841064
12489,0.0006470013759098947
1249,0.0003414047241676599
12490,0.9999929666519165
12491,0.3402690291404724
12492,0.9618561267852783
12493,0.9999161958694458
12494,0.9738725423812866
12495,8.905409049475566e-05
12496,0.0005890030297450721
12497,1.4509384527627844e-05
12498,0.9647659659385681
12499,0.9937659502029419
125,3.5706947528524324e-05
1250,0.9998667240142822
12500,1.741788764775265e-05
1251,0.04515319690108299
1252,3.6087559607267394e-08
1253,0.09474091231822968
1254,0.002932616975158453
1255,0.00018152434495277703
1256,0.0004690198984462768
1257,0.6129052042961121
1258,0.20400667190551758
1259,9.653957278032976e-08
126,0.0007516751647926867
1260,3.1509580367128365e-06
1261,0.9500532150268555
1262,0.48136720061302185
1263,0.9976921081542969
1264,2.518628753023222e-05
1265,7.968194495333591e-07
1266,3.379603640496498e-06
1267,0.7409341931343079
1268,0.002404230646789074
1269,0.9313976764678955
127,0.9970400929450989
1270,0.0014796581817790866
1271,0.997725784778595
1272,0.999276340007782
1273,0.010188221000134945
1274,0.9685200452804565
1275,0.9989217519760132
1276,0.6647327542304993
1277,0.0004657261888496578
1278,0.9688894748687744
1279,0.9992102384567261
128,0.015657218173146248
1280,0.9999784231185913
1281,0.000515408581122756
1282,0.12067041546106339
1283,0.004014447331428528
1284,0.053748831152915955
1285,2.681603827880963e-09
1286,0.9735283851623535
1287,0.3897276222705841
1288,0.9058471918106079
1289,0.9999334812164307
129,0.00996998231858015
1290,0.29683345556259155
1291,0.20019176602363586
1292,1.0938216291833669e-05
1293,1.015210841615044e-06
1294,0.1578836739063263
1295,2.5569390345481224e-05
1296,1.997150138777215e-05
1297,0.9038812518119812
1298,1.7918382706413882e-12
1299,9.126281952376303e-08
13,0.0012909373035654426
130,6.792588891357809e-08
1300,0.00029399554478004575
1301,0.9997147917747498
1302,0.0019567448180168867
1303,0.0002835906343534589
1304,0.14440497756004333
1305,0.00018619878392200917
1306,0.9999955892562866
1307,5.8755595091497526e-06
1308,0.0008274165447801352
1309,1.5273028111550957e-05
131,0.9913541674613953
1310,3.4331123970332555e-06
1311,0.9979403614997864
1312,0.2616223990917206
1313,5.068740804858862e-08
1314,0.026682421565055847
1315,0.9992057681083679
1316,0.00025045571965165436
1317,0.9140782952308655
1318,0.002103140577673912
1319,0.7807811498641968
132,1.0064434718515258e-05
1320,0.9964902997016907
1321,1.5377509043901227e-07
1322,0.020352622494101524
1323,0.0002667928347364068
1324,4.193818483599898e-07
1325,0.0010042780777439475
1326,0.9769476652145386
1327,0.12463696300983429
1328,0.04590553790330887
1329,0.0027160625904798508
133,1.2611759530045674e-06
1330,0.0019348098430782557
1331,0.4689386188983917
1332,0.9982927441596985
1333,0.7685688734054565
1334,0.17629456520080566
1335,0.05602267384529114
1336,0.0020668436773121357
1337,5.734895239584148e-06
1338,0.011309263296425343
1339,0.06232217326760292
134,0.016890112310647964
1340,0.975957989692688
1341,0.999636173248291
1342,0.9994733929634094
1343,0.9991624355316162
1344,0.14184214174747467
1345,4.672602860189556e-10
1346,0.007391383405774832
1347,9.5751147455303e-06
1348,0.001102625159546733
1349,0.16726788878440857
135,0.001234674360603094
1350,0.9998935461044312
1351,0.9832203388214111
1352,0.3713201582431793
1353,0.9999873638153076
1354,4.5060234697302803e-05
1355,1.7072919433758216e-07
1356,0.8570862412452698
1357,0.007523729931563139
1358,0.08627346903085709
1359,2.110815330524929e-05
136,0.0017096642404794693
1360,0.9066249132156372
1361,2.4436607418465428e-05
1362,0.3325291574001312
1363,0.18326102197170258
1364,0.022237461060285568
1365,0.9996232986450195
1366,0.9935305714607239
1367,0.5240412950515747
1368,0.0020134758669883013
1369,0.14619244635105133
137,0.9865930676460266
1370,1.2544933269964531e-06
1371,0.03070802614092827
1372,0.999369204044342
1373,0.8880620002746582
1374,0.0014312792336568236
1375,4.0549143704993185e-06
1376,0.9999727010726929
1377,0.893198549747467
1378,0.9044909477233887
1379,0.00028907236992381513
138,0.0016410349635407329
1380,0.8849514722824097
1381,0.996344268321991
1382,0.9995561242103577
1383,0.8462523221969604
1384,0.9999841451644897
1385,0.11655786633491516
1386,0.9992565512657166
1387,0.3228576183319092
1388,4.5669607061427087e-05
1389,0.9489304423332214
139,0.9989091157913208
1390,0.010078719817101955
1391,0.033072516322135925
1392,0.00013680537813343108
1393,0.981787919998169
1394,4.818965066988312e-07
1395,0.3359315097332001
1396,2.09958921004727e-06
1397,0.001254448783583939
1398,0.038262464106082916
1399,0.9995504021644592
14,6.817685860305289e-10
140,0.0001134417689172551
1400,0.9834218621253967
1401,0.9933658242225647
1402,0.933371901512146
1403,0.9926280379295349
1404,0.00015340081881731749
1405,0.995781660079956
1406,0.0008265454671345651
1407,0.04284163564443588
1408,7.223670905887047e-08
1409,0.9936681389808655
141,1.5572625216009328e-06
1410,1.023283493850613e-05
1411,0.9997028708457947
1412,0.0001240801066160202
1413,0.02581825666129589
1414,1.5712668755440973e-05
1415,9.638968094805023e-07
1416,5.956725246392125e-08
1417,2.1205312350502936e-06
1418,1.2775592216074383e-11
1419,7.288595952559263e-05
142,2.3019572381599573e-06
1420,4.295260441722348e-05
1421,0.0470917671918869
1422,0.24153447151184082
1423,0.6446094512939453
1424,0.9940622448921204
1425,0.0006821511196903884
1426,0.0004364019841887057
1427,0.8703578114509583
1428,0.9990507960319519
1429,0.9996752738952637
143,1.0
1430,0.4150511622428894
1431,0.9949135780334473
1432,0.9997187256813049
1433,0.9988002777099609
1434,0.9942420125007629
1435,0.9984902143478394
1436,0.999576985836029
1437,0.003989261109381914
1438,0.01992536522448063
1439,0.6920949816703796
144,0.9996170997619629
1440,0.9766075015068054
1441,1.1822723244847566e-08
1442,0.2709618806838989
1443,0.4733593463897705
1444,0.9997063279151917
1445,0.9999133348464966
1446,0.033447954803705215
1447,0.9888519644737244
1448,0.9142019152641296
1449,0.9983286261558533
145,0.8710653781890869
1450,0.0002105473104165867
1451,8.306457311846316e-05
1452,0.7401537299156189
1453,8.770565909799188e-05
1454,0.006694321520626545
1455,0.010280730202794075
1456,0.3085900545120239
1457,0.9998859167098999
1458,0.3190936744213104
1459,0.00046466063940897584
146,0.9998492002487183
1460,2.2705111405230127e-05
1461,0.000809882883913815
1462,0.007431386038661003
1463,1.3681403232546074e-10
1464,0.0034488593228161335
1465,0.0029511465691030025
1466,0.03640136495232582
1467,0.003893054323270917
1468,0.9998574256896973
1469,0.9999711513519287
147,0.9264590740203857
1470,0.9981009364128113
1471,0.9996830224990845
1472,0.000908378919120878
1473,0.0015416663372889161
1474,6.047126248631685e-07
1475,0.0016837904695421457
1476,0.999902606010437
1477,0.9986392855644226
1478,2.6332402924822418e-09
1479,0.0009181542554870248
148,0.9759530425071716
1480,0.00040618417551741004
1481,0.9999749660491943
1482,0.2493443787097931
1483,0.9974059462547302
1484,1.5393165631039096e-09
1485,4.850247478316305e-06
1486,0.04160795733332634
1487,2.7129515729029663e-05
1488,1.8062868321067072e-06
1489,6.659106929873815e-06
149,0.03848375380039215
1490,9.953342328117287e-08
1491,0.0007745543261989951
1492,0.19380049407482147
1493,0.8136035203933716
1494,0.00015623689978383482
1495,0.001510810456238687
1496,0.010519233532249928
1497,0.9997888207435608
1498,0.02302776277065277
1499,1.2987840818823315e-05
15,2.2465133952209726e-05
150,1.4727713278261945e-05
1500,0.0011699108872562647
1501,0.9880762100219727
1502,0.004953395575284958
1503,9.022014246795607e-10
1504,0.9999274015426636
1505,1.6896636907404172e-06
1506,0.3211688995361328
1507,0.00037024536868557334
1508,0.999994158744812
1509,0.9999454021453857
151,0.9761715531349182
1510,0.001677311141975224
1511,0.9934868812561035
1512,0.18880325555801392
1513,0.00016897676687221974
1514,0.019332781434059143
1515,0.3386155664920807
1516,0.9999992847442627
1517,0.9982606768608093
1518,5.779269749393856e-13
1519,0.951958417892456
152,0.0007166160503402352
1520,0.11047536879777908
1521,0.7899532318115234
1522,2.6354324944577456e-08
1523,1.6066661601144006e-07
1524,4.437322047579073e-07
1525,0.994314968585968
1526,0.8715500235557556
1527,0.00014494071365334094
1528,3.4116103506676154e-06
1529,0.9951732754707336
153,2.855787273325916e-10
1530,0.9994838237762451
1531,0.9957424998283386
1532,5.302211434354831e-07
1533,2.1621890944345523e-09
1534,0.0017453780164942145
1535,1.1564790791673829e-11
1536,0.9991806149482727
1537,0.05239546298980713
1538,0.9784673452377319
1539,0.002264645416289568
154,2.1265243559935716e-17
1540,0.002021465450525284
1541,0.9999679327011108
1542,0.9922817349433899
1543,0.9974856376647949
1544,0.9723248481750488
1545,5.007257277611643e-05
1546,0.836112916469574
1547,0.00020492677867878228
1548,7.350326995947398e-07
1549,0.9897185564041138
155,0.963477373123169
1550,0.02964669093489647
1551,4.5109893108019605e-05
1552,8.321044879266992e-05
1553,0.964360237121582
1554,0.9999265670776367
1555,0.00011052240006392822
1556,0.04141373932361603
1557,2.51068649959052e-06
1558,0.024867607280611992
1559,1.579280069563538e-05
156,0.012272489257156849
1560,0.772337019443512
1561,3.622961594373919e-05
1562,0.040755972266197205
1563,0.9996987581253052
1564,0.4945926368236542
1565,0.8088597655296326
1566,0.9213869571685791
1567,2.4104498397292673e-09
1568,0.6040621995925903
1569,0.22435599565505981
157,0.002415129216387868
1570,6.706044132442912e-06
1571,0.48957765102386475
1572,0.0004617990634869784
1573,0.9963468909263611
1574,0.912183403968811
1575,0.8927448987960815
1576,0.7260517477989197
1577,0.9998712539672852
1578,1.5164317801463767e-06
1579,2.4780613325225964e-11
158,0.6736865639686584
1580,0.007044894155114889
1581,0.991139829158783
1582,0.008046532049775124
1583,0.4518420100212097
1584,0.015480644069612026
1585,2.686559673747979e-05
1586,0.018554359674453735
1587,0.0007363036274909973
1588,0.0038985335268080235
1589,5.351166691980325e-07
159,0.9982013702392578
1590,0.999998927116394
1591,0.9988658428192139
1592,3.2606362765363883e-06
1593,7.430327241308987e-05
1594,0.1187431663274765
1595,0.13232125341892242
1596,0.0013022212078794837
1597,0.04685612767934799
1598,0.9199506640434265
1599,0.38137343525886536
16,2.9741431717411615e-06
160,0.0003917597059626132
1600,0.9994394183158875
1601,7.798695378369302e-07
1602,0.04054778441786766
1603,0.00039940193528309464
1604,0.00039383757393807173
1605,0.9971899390220642
1606,5.422839954860592e-09
1607,1.2047256525704597e-09
1608,0.9815293550491333
1609,0.8246760964393616
161,0.7922703623771667
1610,0.0012075623963028193
1611,0.0026517449878156185
1612,0.0003179149643983692
1613,5.056872609543461e-08
1614,2.1307590941432863e-05
1615,9.397001122124493e-05
1616,0.04436899349093437
1617,0.8147916793823242
1618,0.0002057394594885409
1619,0.9424927830696106
162,0.007494706194847822
1620,0.9999628067016602
1621,0.018210018053650856
1622,0.9760988354682922
1623,0.00011326785897836089
1624,0.9998629093170166
1625,0.9822767376899719
1626,7.167414395325977e-08
1627,1.6827970057420316e-06
1628,0.016010604798793793
1629,0.0037854539696127176
163,6.887840754643548e-06
1630,0.9999983310699463
1631,0.6356287002563477
1632,0.908258855342865
1633,0.9740608334541321
1634,0.999401330947876
1635,0.030591394752264023
1636,0.9998522996902466
1637,0.9304493069648743
1638,0.9963136315345764
1639,0.9080372452735901
164,0.8206289410591125
1640,0.9512828588485718
1641,0.0020516084041446447
1642,0.3516971170902252
1643,0.9632442593574524
1644,0.9981898665428162
1645,0.999990701675415
1646,0.00019826322386506945
1647,0.9888792037963867
1648,1.4915910639956564e-07
1649,0.8354734778404236
165,0.47151434421539307
1650,2.72766610578401e-05
1651,0.0242750346660614
1652,0.004239189438521862
1653,0.8194862604141235
1654,0.99739009141922
1655,0.08187714219093323
1656,0.0030142299365252256
1657,0.021623166278004646
1658,0.9863322973251343
1659,0.9923341274261475
166,0.006814695429056883
1660,0.0003833423834294081
1661,0.7646579146385193
1662,0.9720157980918884
1663,0.00017085355648305267
1664,0.0002705286897253245
1665,0.003104346338659525
1666,6.550060407256586e-12
1667,0.9979336261749268
1668,0.002368238987401128
1669,0.037899795919656754
167,0.4510939419269562
1670,0.01738409325480461
1671,0.8917161226272583
1672,0.9984651803970337
1673,0.08727256953716278
1674,0.26520830392837524
1675,0.016139229759573936
1676,0.999998927116394
1677,0.03416069224476814
1678,0.8908379673957825
1679,0.0005429262528195977
168,1.923793242764038e-11
1680,0.0024385787546634674
1681,3.857621322822524e-06
1682,0.9804874062538147
1683,0.005633958615362644
1684,0.9929847717285156
1685,0.9461438655853271
1686,0.0026239780709147453
1687,0.9996899366378784
1688,0.9993963241577148
1689,0.9712327122688293
169,4.2372696043457836e-05
1690,0.9737576842308044
1691,0.9486626386642456
1692,0.999997615814209
1693,0.999915361404419
1694,0.002193274674937129
1695,0.9383970499038696
1696,1.0
1697,0.00891927070915699
1698,0.38978174328804016
1699,0.9419588446617126
17,0.9979064464569092
170,0.003637065179646015
1700,8.105686902126763e-06
1701,0.9999932050704956
1702,0.2320057600736618
1703,0.0002016949438257143
1704,0.48083803057670593
1705,0.9999998807907104
1706,0.9949259757995605
1707,3.243998403235082e-09
1708,0.05490802228450775
1709,0.08163771033287048
171,0.998928964138031
1710,2.944936795756803e-06
1711,0.8962874412536621
1712,1.3950420907349326e-05
1713,7.784705303492956e-06
1714,0.11092832684516907
1715,0.12636727094650269
1716,0.008996943011879921
1717,0.9915295839309692
1718,4.252926373737864e-06
1719,0.7729595303535461
172,0.10012675821781158
1720,0.5818192958831787
1721,3.419908171053976e-05
1722,0.9999582767486572
1723,0.07108432054519653
1724,0.9846289157867432
1725,0.9988859295845032
1726,0.15646043419837952
1727,0.9995744824409485
1728,0.9960401058197021
1729,3.8659484857817006e-07
173,5.519203227777325e-07
1730,0.9936001300811768
1731,7.606091912748525e-06
1732,0.997499406337738
1733,0.9988161325454712
1734,0.0001790122623788193
1735,0.0006761533441022038
1736,1.425826849299483e-05
1737,0.9893004298210144
1738,0.0015347690787166357
1739,0.8134022951126099
174,1.1023720131175807e-10
1740,0.004678437486290932
1741,0.0005787662812508643
1742,0.9987693428993225
1743,0.0003007502236869186
1744,0.9806844592094421
1745,0.0001150507087004371
1746,0.9999691247940063
1747,0.004313376732170582
1748,1.7922535334946588e-05
1749,1.0002343842074879e-08
175,0.9994662404060364
1750,2.607304122648202e-05
1751,0.9999454021453857
1752,0.22435760498046875
1753,0.21049560606479645
1754,0.7345476746559143
1755,0.9987927675247192
1756,0.9997979998588562
1757,0.6641623377799988
1758,0.9998400211334229
1759,0.9999958276748657
176,0.9199067950248718
1760,5.15355282004748e-07
1761,0.9999992847442627
1762,0.05646292492747307
1763,7.25716381566599e-06
1764,0.006127539556473494
1765,0.32582247257232666
1766,0.013714209198951721
1767,0.9156351685523987
1768,0.9694880843162537
1769,0.9951795339584351
177,0.23377765715122223
1770,0.0044938381761312485
1771,0.8070287108421326
1772,0.9782550930976868
1773,0.9990793466567993
1774,0.01801241561770439
1775,3.391678262687492e-07
1776,0.9999827146530151
1777,0.3771235942840576
1778,0.05297892913222313
1779,9.53958988247905e-07
178,0.0963590070605278
1780,0.11960414797067642
1781,0.9999557733535767
1782,0.8755887746810913
1783,2.204282282036729e-06
1784,8.196259841497522e-06
1785,0.966077446937561
1786,0.005785035900771618
1787,0.8821264505386353
1788,0.9981561303138733
1789,0.9999914169311523
179,0.018117979168891907
1790,0.0006872545345686376
1791,0.5077483057975769
1792,0.0007414256688207388
1793,0.9995112419128418
1794,0.9986798167228699
1795,0.0007311562658287585
1796,2.4467855297416463e-08
1797,0.9999734163284302
1798,0.9990660548210144
1799,0.0012437565019354224
18,0.32623490691185
180,0.002602801425382495
1800,1.957264714746998e-07
1801,0.9999041557312012
1802,1.0984882464981638e-05
1803,0.9883254766464233
1804,0.008275788277387619
1805,0.0008079453837126493
1806,0.002507740631699562
1807,0.6035341620445251
1808,4.666921086027287e-06
1809,0.9785119891166687
181,0.9200681447982788
1810,0.01677682064473629
1811,0.999971866607666
1812,0.8801633715629578
1813,0.9998428821563721
1814,0.0026549501344561577
1815,1.238962977367919e-05
1816,0.9958500862121582
1817,0.999931812286377
1818,0.5117545127868652
1819,0.4476381242275238
182,0.9984132051467896
1820,0.047457288950681686
1821,0.9988027811050415
1822,0.027828486636281013
1823,0.0005506404559127986
1824,1.1015061085473121e-10
1825,0.914712131023407
1826,0.08443060517311096
1827,1.2204397137338674e-07
1828,0.5111823081970215
1829,0.9996408224105835
183,0.023424901068210602
1830,0.07637987285852432
1831,0.9979217648506165
1832,0.9796459078788757
1833,8.643846376799047e-05
1834,9.584433428244665e-05
1835,0.006184825208038092
1836,0.010636341758072376
1837,8.66944631638944e-08
1838,0.9999349117279053
1839,0.0003973068669438362
184,0.00044347791117616
1840,0.8006824254989624
1841,0.9720011353492737
1842,0.00048288863035850227
1843,0.32607340812683105
1844,0.0012892091181129217
1845,0.9987402558326721
1846,0.003057591151446104
1847,0.006835721433162689
1848,0.22766202688217163
1849,0.9999840259552002
185,0.000318683945806697
1850,3.642344017862342e-05
1851,0.016735512763261795
1852,0.054949063807725906
1853,0.9900951385498047
1854,0.9796135425567627
1855,0.9733893275260925
1856,5.022297045798041e-06
1857,7.202910637715831e-05
1858,0.06590058654546738
1859,0.045486319810152054
186,0.8239495158195496
1860,0.9840245842933655
1861,0.0008302930509671569
1862,0.00013780093286186457
1863,0.9994602799415588
1864,1.0977446436299942e-05
1865,0.983715832233429
1866,0.7672643065452576
1867,1.884703669929877e-05
1868,0.00018156676378566772
1869,2.541238700359827e-06
187,1.6863268115230312e-07
1870,3.957962235290324e-06
1871,0.9542527794837952
1872,0.9998557567596436
1873,0.4375807046890259
1874,0.9998643398284912
1875,0.0007873057038523257
1876,0.30530011653900146
1877,0.7672421932220459
1878,0.8876011967658997
1879,1.8485236523702042e-06
188,6.88282186800393e-09
1880,7.574334404125693e-07
1881,0.6360680460929871
1882,0.47418272495269775
1883,0.0027781811077147722
1884,0.8827378153800964
1885,0.00014554872177541256
1886,2.8418807573871163e-07
1887,0.8650178909301758
1888,0.9766142964363098
1889,0.015422595664858818
189,2.1766102375336827e-12
1890,0.993579626083374
1891,0.9851385951042175
1892,0.005814157426357269
1893,0.004046912770718336
1894,1.3625056638488786e-09
1895,0.8302666544914246
1896,5.586744373431429e-05
1897,0.06682220846414566
1898,0.0010507120750844479
1899,0.014962363056838512
19,0.00024251476861536503
190,0.0022307001054286957
1900,0.2955363988876343
1901,3.5092205052933423e-07
1902,0.02530326135456562
1903,0.9962937235832214
1904,1.0354917776567163e-06
1905,0.026513177901506424
1906,0.06700413674116135
1907,0.7731900811195374
1908,0.04402974620461464
1909,0.7644243240356445
191,0.0007864685030654073
1910,0.02032521553337574
1911,0.9115489721298218
1912,0.999932050704956
1913,3.3816784707596526e-05
1914,0.9960060715675354
1915,0.9969594478607178
1916,0.8524998426437378
1917,0.6081715226173401
1918,0.9705309867858887
1919,0.9936988353729248
192,0.049945540726184845
1920,0.0001735024416120723
1921,0.1142585277557373
1922,0.027793586254119873
1923,1.2249107385287061e-05
1924,0.9995266199111938
1925,0.9960207343101501
1926,7.426516094710678e-05
1927,0.00018313330656383187
1928,0.9527829885482788
1929,0.00043839626596309245
193,0.22053617238998413
1930,0.005921717267483473
1931,0.8298125863075256
1932,0.8317276835441589
1933,0.008337174542248249
1934,5.369330392568372e-05
1935,1.6745302922061e-09
1936,3.395982162146538e-08
1937,0.16058865189552307
1938,0.9984240531921387
1939,0.9981947541236877
194,1.736837589305651e-07
1940,0.9702648520469666
1941,0.8684958815574646
1942,1.0366733476985246e-05
1943,0.2073899209499359
1944,0.03047279082238674
1945,0.0055671073496341705
1946,5.7281195040559396e-05
1947,0.03776169195771217
1948,0.9020237326622009
1949,0.9984295964241028
195,0.8891465067863464
1950,0.4864360988140106
1951,8.57418399391463e-06
1952,9.850135393207893e-05
1953,0.006184268742799759
1954,0.2474479079246521
1955,0.011599439196288586
1956,0.9994695782661438
1957,0.6723472476005554
1958,0.9982165694236755
1959,1.3907655329603585e-06
196,0.8646038770675659
1960,0.0010278176050633192
1961,0.7620580792427063
1962,0.844758152961731
1963,0.9638146758079529
1964,0.00028597016353160143
1965,1.4481199173133064e-07
1966,0.1624433845281601
1967,4.556281419354491e-05
1968,0.11704760044813156
1969,0.9515884518623352
197,0.9969252943992615
1970,0.9760134220123291
1971,6.773790573788574e-06
1972,0.2958330512046814
1973,0.28919360041618347
1974,2.8221586035215296e-05
1975,6.6491629695519805e-06
1976,0.9716396331787109
1977,0.9332700371742249
1978,0.9070714712142944
1979,0.9992057681083679
198,1.079804769688053e-05
1980,0.9632843732833862
1981,0.9863083958625793
1982,0.00905616208910942
1983,0.9979709982872009
1984,0.8139987587928772
1985,0.002902993466705084
1986,0.5533567070960999
1987,0.07262677699327469
1988,1.3875853255740367e-05
1989,0.9999642372131348
199,0.2338109165430069
1990,0.9932616353034973
1991,0.18990804255008698
1992,0.00022246193839237094
1993,6.61507115751192e-08
1994,0.004766980651766062
1995,1.4240648660290844e-08
1996,0.9984032511711121
1997,0.7903712391853333
1998,0.10353922098875046
1999,8.116464300655934e-08
2,0.8700991272926331
20,0.951266348361969
200,0.9356815814971924
2000,1.1567968272174767e-07
2001,0.9451500177383423
2002,0.9996169805526733
2003,0.9293533563613892
2004,0.030282622203230858
2005,0.3097613453865051
2006,5.558667837135545e-08
2007,0.9863913059234619
2008,0.9999889135360718
2009,0.9178816080093384
201,0.9991450309753418
2010,0.002500816248357296
2011,0.004321645945310593
2012,2.223704996140441e-06
2013,0.44408535957336426
2014,0.0014212223468348384
2015,0.05342162773013115
2016,0.560318648815155
2017,0.14172138273715973
2018,6.7861528028900775e-12
2019,9.462860930398165e-07
202,5.006286755815381e-06
2020,8.788667037151754e-05
2021,0.0005082085845060647
2022,3.0790393793722615e-05
2023,0.01847131922841072
2024,4.754249216532003e-10
2025,0.003904624842107296
2026,0.9973742961883545
2027,0.006720999255776405
2028,7.271538834174862e-06
2029,0.00016481128113809973
203,0.9141179323196411
2030,0.9979446530342102
2031,0.0015838750405237079
2032,0.0037676573265343904
2033,0.005769489798694849
2034,0.04775705188512802
2035,0.9844675660133362
2036,0.0010699313133955002
2037,0.8921192288398743
2038,0.6912604570388794
2039,0.8445591926574707
204,0.9923933744430542
2040,0.6085157990455627
2041,0.8850737810134888
2042,0.9979523420333862
2043,0.8080602884292603
2044,1.0243154974887148e-05
2045,0.9784024357795715
2046,0.4429301619529724
2047,0.006579123437404633
2048,0.06389985978603363
2049,0.0003766872687265277
205,0.07803612947463989
2050,0.999494194984436
2051,1.1139207344967872e-05
2052,0.0049905977211892605
2053,0.013040113262832165
2054,0.9982422590255737
2055,0.9837507605552673
2056,2.341866078836574e-08
2057,0.020880229771137238
2058,0.8710417151451111
2059,1.7293546150654038e-08
206,0.2419632226228714
2060,0.9999889135360718
2061,0.9988645315170288
2062,0.9882480502128601
2063,0.06592278182506561
2064,0.9988731741905212
2065,0.8352465033531189
2066,0.00020332208077888936
2067,0.8662300109863281
2068,0.0034403412137180567
2069,0.9999421834945679
207,0.037348296493291855
2070,0.977009654045105
2071,3.071598621318117e-05
2072,0.0005039894604124129
2073,8.299330147565342e-06
2074,0.0037958731409162283
2075,3.3137017574347283e-09
2076,0.0066034202463924885
2077,0.005582539830356836
2078,0.002128644846379757
2079,0.0004327655187807977
208,0.9013739824295044
2080,0.0030473191291093826
2081,0.0018579872557893395
2082,0.001044949167408049
2083,0.9971740245819092
2084,0.9999995231628418
2085,2.9701310268137604e-05
2086,0.9935808181762695
2087,0.025518540292978287
2088,0.00014970972551964223
2089,0.055535465478897095
209,0.008893713355064392
2090,0.0004821763723157346
2091,0.014461335726082325
2092,0.6362066268920898
2093,7.874988483536072e-08
2094,0.4448404312133789
2095,0.9993531107902527
2096,0.00016010615217965096
2097,0.0005121419671922922
2098,0.9999817609786987
2099,0.9995003938674927
21,0.9772629141807556
210,3.778655445785262e-05
2100,2.6986817829310894e-06
2101,0.8358414173126221
2102,0.035197578370571136
2103,0.005558766424655914
2104,0.9824165105819702
2105,0.0003207645786460489
2106,1.6000619780243142e-06
2107,0.6734373569488525
2108,1.86058950930601e-05
2109,0.9883896112442017
211,0.6290584802627563
2110,0.24704694747924805
2111,0.9998058676719666
2112,1.2541956362355222e-10
2113,0.005489922594279051
2114,0.14791566133499146
2115,0.021305814385414124
2116,8.46609626847794e-09
2117,0.9841800928115845
2118,0.9264869093894958
2119,0.17623744904994965
212,0.9999896287918091
2120,0.9848518967628479
2121,0.0002557805273681879
2122,0.9999097585678101
2123,0.997649610042572
2124,2.6105118067221156e-09
2125,0.0010482684010639787
2126,0.9962067604064941
2127,0.22302375733852386
2128,0.07529737800359726
2129,0.993790328502655
213,0.0024984146002680063
2130,0.0001793544797692448
2131,1.4307154287962476e-06
2132,0.8971737027168274
2133,0.00027347542345523834
2134,0.9999300241470337
2135,0.9999966621398926
2136,0.995526134967804
2137,0.004261942580342293
2138,0.988946259021759
2139,0.6758030652999878
214,0.0223293025046587
2140,0.9133446216583252
2141,0.04395702853798866
2142,0.00792358722537756
2143,0.21352815628051758
2144,8.300455374410376e-05
2145,0.9984564781188965
2146,0.9991509914398193
2147,4.537026526365727e-15
2148,0.3870915174484253
2149,3.4599977993821085e-08
215,0.11731835454702377
2150,0.009684717282652855
2151,8.973691001301631e-05
2152,1.9233527837059228e-07
2153,0.011606909334659576
2154,0.999519944190979
2155,0.99894779920578
2156,0.02823438122868538
2157,0.9989951252937317
2158,0.11872009187936783
2159,0.9222844839096069
216,0.9981491565704346
2160,0.6812294125556946
2161,1.1143664124801944e-07
2162,2.2916496478231352e-10
2163,0.9153302311897278
2164,5.176629680470057e-10
2165,0.014417499303817749
2166,0.8750997185707092
2167,7.72201456129551e-05
2168,0.00014764207298867404
2169,5.306619186740136e-06
217,0.9997581839561462
2170,0.018357835710048676
2171,0.9995506405830383
2172,0.999671459197998
2173,0.020127909258008003
2174,0.9978612065315247
2175,0.9807260632514954
2176,0.0019160741940140724
2177,0.564716637134552
2178,0.13203293085098267
2179,0.9997331500053406
218,3.5651630696520442e-06
2180,0.26915866136550903
2181,0.13249874114990234
2182,0.006167228799313307
2183,0.02757747657597065
2184,0.829827606678009
2185,0.9855561852455139
2186,0.07758485525846481
2187,0.0006858495180495083
2188,1.2198391465161116e-15
2189,0.9997040629386902
219,0.5918939113616943
2190,0.0017683255719020963
2191,5.7964552979683504e-05
2192,0.002721702214330435
2193,0.9516279697418213
2194,0.9999666213989258
2195,0.9765909910202026
2196,0.9934561848640442
2197,0.9991555213928223
2198,3.009856300195679e-05
2199,4.284227543394081e-05
22,1.873701714616427e-12
220,0.9998399019241333
2200,2.4327320602424152e-08
2201,0.9999998807907104
2202,0.9350060820579529
2203,0.4061616361141205
2204,9.607407491785125e-07
2205,0.0021327396389096975
2206,0.00024448861950077116
2207,6.425735818993417e-07
2208,1.3286633475217968e-05
2209,0.9535081386566162
221,3.7185956536234244e-09
2210,0.9549919366836548
2211,0.9994210004806519
2212,0.9999839067459106
2213,2.8727997758437596e-10
2214,0.9983417987823486
2215,0.7272001504898071
2216,0.998371422290802
2217,0.9999995231628418
2218,0.0054560210555791855
2219,0.9448040127754211
222,0.9999721050262451
2220,0.7119523286819458
2221,0.9999592304229736
2222,0.9999998807907104
2223,0.9998964071273804
2224,0.021730998530983925
2225,0.010866299271583557
2226,0.9999097585678101
2227,0.10044655948877335
2228,0.9889505505561829
2229,0.9951857924461365
223,0.8309184908866882
2230,0.012529636733233929
2231,9.988554428019825e-10
2232,0.9865738749504089
2233,0.0012090598465874791
2234,2.278921328979777e-06
2235,3.2891191494854866e-06
2236,0.9886249303817749
2237,0.5039421319961548
2238,0.9554425477981567
2239,0.0011832189047709107
224,1.0389771508412249e-11
2240,0.9999904632568359
2241,0.9719288349151611
2242,0.003650219412520528
2243,0.004186511971056461
2244,4.667808752856217e-05
2245,0.7053219079971313
2246,0.986492931842804
2247,0.6128692030906677
2248,0.653904914855957
2249,0.08899541944265366
225,0.002232595346868038
2250,0.9673938751220703
2251,0.05616743117570877
2252,0.04888508468866348
2253,0.9999281167984009
2254,0.004996274132281542
2255,0.8033207058906555
2256,2.5456049570493633e-06
2257,7.951513543957844e-05
2258,0.9999877214431763
2259,0.9948082566261292
226,0.9239282608032227
2260,0.9941191673278809
2261,4.9778955144574866e-05
2262,0.6052398681640625
2263,0.4445755183696747
2264,7.553389423264889e-06
2265,2.3371207134914584e-05
2266,2.153590799025551e-07
2267,0.9990743398666382
2268,2.796337163560314e-12
2269,0.3863198459148407
227,0.00039417410152964294
2270,0.00023980916012078524
2271,0.012635890394449234
2272,0.015384674072265625
2273,1.6962479776339023e-07
2274,2.115856113960035e-05
2275,0.0010630976175889373
2276,0.9988765120506287
2277,0.16898061335086823
2278,0.023380888625979424
2279,0.03222672641277313
228,2.7200838303542696e-05
2280,0.9988206028938293
2281,0.993025541305542
2282,1.836379084352302e-07
2283,0.09878312051296234
2284,0.9999299049377441
2285,0.0047895703464746475
2286,0.9703270196914673
2287,0.006059735547751188
2288,7.068598279147409e-06
2289,1.8744131580206158e-08
229,0.9999876022338867
2290,0.6271119117736816
2291,6.1980358623259235e-06
2292,7.974785419897186e-18
2293,7.220997417789476e-07
2294,0.014900503680109978
2295,0.49825987219810486
2296,0.12823057174682617
2297,0.6273574829101562
2298,4.4040167068715164e-08
2299,0.8823897242546082
23,0.32500311732292175
230,3.527405147488172e-12
2300,9.533369302516803e-05
2301,0.9969549179077148
2302,4.2436465719219996e-07
2303,0.0007274574600160122
2304,0.8871321678161621
2305,0.9269333481788635
2306,0.996850311756134
2307,3.5282175758766243e-06
2308,0.011933349072933197
2309,0.002443879609927535
231,0.9989016056060791
2310,0.9903559684753418
2311,0.4067889153957367
2312,5.0035660024150275e-06
2313,0.9991369843482971
2314,0.7591751217842102
2315,0.6266615986824036
2316,0.01769852451980114
2317,0.026655511930584908
2318,0.977596640586853
2319,0.9833184480667114
232,0.4197934865951538
2320,0.38784968852996826
2321,0.0009638485498726368
2322,0.008026674389839172
2323,1.3780781848993229e-08
2324,0.0006822196301072836
2325,0.16628849506378174
2326,0.5082089304924011
2327,0.057641033083200455
2328,0.00016721704741939902
2329,8.813849490252323e-07
233,0.13239231705665588
2330,0.7688257098197937
2331,0.0015042215818539262
2332,0.8775456547737122
2333,0.005828928202390671
2334,0.9999957084655762
2335,2.638654734710144e-07
2336,0.010071742348372936
2337,2.3681806851527654e-05
2338,1.7336884639007621e-07
2339,0.9368035197257996
234,3.584088335628621e-05
2340,0.9978349804878235
2341,4.814160547539359e-06
2342,0.723738968372345
2343,1.7158843945708213e-07
2344,0.0031781166326254606
2345,0.00036193011328577995
2346,0.007864032872021198
2347,0.9986488223075867
2348,0.1035904511809349
2349,0.00025812105741351843
235,0.999977707862854
2350,0.9854626655578613
2351,0.9899444580078125
2352,0.0021373103372752666
2353,1.5960325283614907e-09
2354,1.4762803202117425e-09
2355,0.991878867149353
2356,0.01857505552470684
2357,0.9998540878295898
2358,0.9583559036254883
2359,0.9579858779907227
236,0.9979314804077148
2360,1.0252741958538536e-05
2361,0.9915077686309814
2362,0.9247349500656128
2363,6.773556719963381e-07
2364,6.5571077456638704e-09
2365,0.4419941306114197
2366,0.9998780488967896
2367,5.896525181015022e-06
2368,0.9998998641967773
2369,0.0007013240829110146
237,4.230626871049026e-07
2370,0.6045053601264954
2371,0.30189216136932373
2372,0.9926129579544067
2373,0.1648036688566208
2374,0.9999957084655762
2375,2.205688815593021e-06
2376,0.18115025758743286
2377,0.0003089990059379488
2378,1.502669192632311e-06
2379,0.00014667666982859373
238,0.9789614677429199
2380,0.32948461174964905
2381,0.9999101161956787
2382,0.997822642326355
2383,0.026983724907040596
2384,0.9163599014282227
2385,8.728614920983091e-05
2386,0.4997345805168152
2387,0.035403184592723846
2388,0.9998984336853027
2389,0.000897404330316931
239,0.009425043128430843
2390,0.009720660746097565
2391,0.9998679161071777
2392,0.8098146915435791
2393,0.9991235136985779
2394,6.483509787358344e-05
2395,0.005070516839623451
2396,0.00020147890609223396
2397,0.006667038891464472
2398,0.9447348713874817
2399,1.1665187038545355e-08
24,0.9997683167457581
240,0.9240474104881287
2400,0.8138548135757446
2401,0.006644426379352808
2402,0.0014312377898022532
2403,0.7873083353042603
2404,0.9561899900436401
2405,0.3931460678577423
2406,0.216896653175354
2407,0.0008327271207235754
2408,0.01538517139852047
2409,0.9994254112243652
241,0.5097507834434509
2410,0.00010613951599225402
2411,2.8909616958117113e-05
2412,0.9084161520004272
2413,0.0005082052084617317
2414,0.9833784699440002
2415,0.9405016899108887
2416,0.26830241084098816
2417,0.3541838526725769
2418,0.9494255781173706
2419,0.0011862297542393208
242,0.009842702187597752
2420,0.9969340562820435
2421,7.968194495333591e-07
2422,0.9954425096511841
2423,0.23421472311019897
2424,0.6972055435180664
2425,0.005474316421896219
2426,0.3683888912200928
2427,0.9996781349182129
2428,0.9851668477058411
2429,0.7700991630554199
243,3.2454673259962874e-07
2430,0.00042374475742690265
2431,0.9994268417358398
2432,0.6629408597946167
2433,0.030579762533307076
2434,0.0005506404559127986
2435,0.08747770637273788
2436,0.265956312417984
2437,0.9994121789932251
2438,0.9968612194061279
2439,1.9692897694767453e-06
244,0.008645567111670971
2440,0.0006281604873947799
2441,0.13219769299030304
2442,0.9922561645507812
2443,0.21926066279411316
2444,0.9998443126678467
2445,0.15258704125881195
2446,0.5577666163444519
2447,0.999381422996521
2448,0.038286857306957245
2449,7.934153109090403e-05
245,0.9906884431838989
2450,0.8000207543373108
2451,0.9538570642471313
2452,0.9509802460670471
2453,1.1910610737686511e-05
2454,6.957935511309188e-06
2455,0.0009472448728047311
2456,0.00256607448682189
2457,0.10724657773971558
2458,0.0028031787369400263
2459,0.8699976801872253
246,0.04010855406522751
2460,1.1700264934688676e-07
2461,0.03975788876414299
2462,0.9982092380523682
2463,3.066996612233197e-07
2464,0.6993889212608337
2465,0.9807634353637695
2466,0.98909991979599
2467,0.9962248802185059
2468,0.14355483651161194
2469,0.9999964237213135
247,0.9458733201026917
2470,4.904160959995352e-05
2471,0.8291564583778381
2472,0.002776847220957279
2473,0.004116161726415157
2474,0.999811589717865
2475,3.099353989455267e-06
2476,0.9999836683273315
2477,1.6427258742623962e-05
2478,0.8514932990074158
2479,8.611963494331576e-06
248,3.279934844613308e-06
2480,0.0011478831293061376
2481,0.9991826415061951
2482,0.6830211877822876
2483,0.9999872446060181
2484,0.01133645512163639
2485,2.5647127650796353e-12
2486,5.829329241535675e-10
2487,0.03672276437282562
2488,0.003021740820258856
2489,0.9082494974136353
249,0.001177729805931449
2490,0.8528975248336792
2491,0.9998328685760498
2492,2.2547002459516463e-11
2493,2.3640902568899946e-08
2494,0.0007851749542169273
2495,0.0015563627239316702
2496,0.0007681930437684059
2497,0.0027444411534816027
2498,0.9366922974586487
2499,2.7989369755232474e-07
25,1.6205349562259386e-10
250,0.9243199825286865
2500,0.0045819212682545185
2501,3.771987496653528e-12
2502,0.0003145938680972904
2503,1.2139944161049243e-08
2504,0.8420071005821228
2505,0.9983915686607361
2506,0.9932534098625183
2507,0.9972501397132874
2508,0.0038406825624406338
2509,0.9995982050895691
251,0.9951142072677612
2510,0.9996100068092346
2511,0.9466418623924255
2512,0.00013751385267823935
2513,0.0014776361640542746
2514,0.9999934434890747
2515,0.9960688352584839
2516,0.0001247297041118145
2517,0.0005784039385616779
2518,0.9949954748153687
2519,0.0017545343143865466
252,7.99101690063253e-06
2520,0.9808003902435303
2521,0.990718424320221
2522,0.15800848603248596
2523,0.9660051465034485
2524,0.0006828643381595612
2525,1.4908338926034048e-05
2526,6.397165634552948e-06
2527,0.9990523457527161
2528,3.531929593236782e-08
2529,0.000256369385169819
253,0.9992716908454895
2530,0.1543678492307663
2531,0.0003281597455497831
2532,0.999397873878479
2533,0.9998810291290283
2534,0.004049899987876415
2535,2.298445224369061e-06
2536,0.6404804587364197
2537,0.04332951083779335
2538,8.379061000596266e-08
2539,0.05406128987669945
254,0.001522969687357545
2540,0.07463204860687256
2541,0.6188849806785583
2542,2.995235490743653e-07
2543,0.9999649524688721
2544,0.9997795224189758
2545,4.7504744316029246e-07
2546,0.9983181953430176
2547,0.023904958739876747
2548,2.9061101398594746e-13
2549,0.0009106611250899732
255,0.9878800511360168
2550,0.0006019122083671391
2551,0.003668737132102251
2552,0.9966866374015808
2553,0.0038272496312856674
2554,9.31705017137574e-07
2555,0.9999929666519165
2556,0.9898903369903564
2557,0.31745460629463196
2558,3.0491600000459584e-07
2559,1.0
256,8.588162017986178e-06
2560,0.9966133236885071
2561,0.998166024684906
2562,0.8044390082359314
2563,0.020855072885751724
2564,0.9093284606933594
2565,7.679282134631649e-07
2566,0.8910781741142273
2567,0.002765330485999584
2568,0.03319200873374939
2569,0.9932073950767517
257,0.9996688365936279
2570,0.9796350598335266
2571,0.9163677096366882
2572,0.00847346056252718
2573,0.9635186195373535
2574,0.2567387521266937
2575,0.5650874376296997
2576,0.04714877903461456
2577,0.872921884059906
2578,6.399316987426573e-08
2579,0.9999407529830933
258,0.999997615814209
2580,1.926813819608242e-09
2581,0.9999936819076538
2582,0.9982374906539917
2583,0.9999898672103882
2584,2.11678707273677e-06
2585,7.701997674303129e-05
2586,0.024362783879041672
2587,1.5697770550104906e-07
2588,0.010435529053211212
2589,0.9880930781364441
259,0.05536248907446861
2590,0.9994470477104187
2591,0.6709761619567871
2592,1.7570791897014715e-06
2593,0.0060259574092924595
2594,0.9918230175971985
2595,0.4924565255641937
2596,3.2598231314295845e-07
2597,1.5983966372701275e-09
2598,0.9842450022697449
2599,0.9457417130470276
26,0.8595072627067566
260,0.002499511931091547
2600,0.015002609230577946
2601,0.9989509582519531
2602,0.9913814663887024
2603,0.0012753887567669153
2604,0.0012621514033526182
2605,0.26582780480384827
2606,0.4649331271648407
2607,7.780156010994688e-05
2608,0.2205491065979004
2609,0.9981217980384827
261,0.00012460738071240485
2610,1.877035538200289e-05
2611,0.0004457696049939841
2612,0.8606642484664917
2613,0.9593240022659302
2614,0.025355229154229164
2615,0.2031659483909607
2616,0.42789509892463684
2617,0.9999946355819702
2618,0.8044748306274414
2619,3.619035123847425e-05
262,0.2172127664089203
2620,1.8816831470758189e-06
2621,5.650178675625783e-12
2622,1.7228096282906336e-08
2623,4.07502426374713e-15
2624,0.9958239793777466
2625,0.049158431589603424
2626,0.9836402535438538
2627,0.9985758066177368
2628,0.9941104054450989
2629,0.9521152973175049
263,0.9127439260482788
2630,0.00013366654457058758
2631,0.003840089775621891
2632,0.09569736570119858
2633,4.05559221690055e-05
2634,0.18669892847537994
2635,0.04292154312133789
2636,0.0013307718327268958
2637,0.4256051182746887
2638,0.8629267811775208
2639,1.4272319992514326e-09
264,1.0204276890135588e-07
2640,0.1287008821964264
2641,0.99916672706604
2642,0.984509289264679
2643,0.4796719253063202
2644,0.11923860758543015
2645,0.5733560919761658
2646,3.183198350598104e-05
2647,0.7085134387016296
2648,0.8075472116470337
2649,3.000209517267649e-06
265,0.00594609510153532
2650,7.899163392721675e-06
2651,0.1397104114294052
2652,0.7429429888725281
2653,1.0104980741054703e-10
2654,0.15583576261997223
2655,0.9929990768432617
2656,0.9997181296348572
2657,0.690045952796936
2658,0.09432511776685715
2659,0.002238154411315918
266,1.2459097122052842e-11
2660,0.0002156179689336568
2661,0.9339371919631958
2662,0.00036988500505685806
2663,0.5696775317192078
2664,0.9416138529777527
2665,8.512066074217728e-07
2666,0.9952746629714966
2667,0.8733709454536438
2668,0.959273636341095
2669,0.003227805020287633
267,1.0389771508412249e-11
2670,8.154941315297037e-05
2671,0.6372523903846741
2672,2.1961286955640702e-10
2673,0.14332500100135803
2674,0.0001146613503806293
2675,0.3365742266178131
2676,0.9828994870185852
2677,0.9998692274093628
2678,0.9640080332756042
2679,0.9822620153427124
268,6.532562268901643e-10
2680,0.9997500777244568
2681,7.477546205336694e-06
2682,0.9997251629829407
2683,0.9931666254997253
2684,0.9961768388748169
2685,0.08364511281251907
2686,0.001680501620285213
2687,1.7655656936454989e-09
2688,2.300194501003716e-05
2689,0.9958765506744385
269,0.6190627217292786
2690,0.0004005919909104705
2691,0.9974331259727478
2692,0.12340095639228821
2693,0.45163658261299133
2694,0.00010773699614219368
2695,0.966988742351532
2696,4.990238267055247e-07
2697,0.9263646602630615
2698,0.022036787122488022
2699,0.0002382460079388693
27,0.8885905742645264
270,0.9999721050262451
2700,0.9946870803833008
2701,1.4411335769182188e-07
2702,0.7309388518333435
2703,0.7547736763954163
2704,0.9283700585365295
2705,0.0004481106880120933
2706,0.897676944732666
2707,0.8689782619476318
2708,3.741756700037513e-06
2709,0.9971464276313782
271,0.9999818801879883
2710,0.9983855485916138
2711,0.03175177425146103
2712,0.7363924980163574
2713,0.9989625215530396
2714,0.9691948294639587
2715,6.368149757518538e-11
2716,0.9642302989959717
2717,0.06241575628519058
2718,0.49091553688049316
2719,0.9997065663337708
272,2.276916966081899e-08
2720,0.17770956456661224
2721,0.8014429807662964
2722,0.9892732501029968
2723,0.07133089751005173
2724,0.9997299313545227
2725,0.0010048216208815575
2726,0.00011492746125441045
2727,4.151960183662595e-06
2728,0.08620746433734894
2729,0.00036035789526067674
273,0.9721682071685791
2730,0.999920129776001
2731,4.356811405159533e-05
2732,0.9999830722808838
2733,0.28151556849479675
2734,0.0011639876756817102
2735,0.010252321138978004
2736,8.353293196705636e-06
2737,0.9996896982192993
2738,0.7818892002105713
2739,0.8892621994018555
274,2.57638521361514e-06
2740,0.7314574122428894
2741,0.002387888729572296
2742,0.0012875390239059925
2743,5.234058335190639e-06
2744,0.9986226558685303
2745,0.98728346824646
2746,1.1114441804238595e-05
2747,0.02127821557223797
2748,0.9946222305297852
2749,2.5248457838356053e-11
275,0.006723250728100538
2750,3.769165232370142e-06
2751,0.98830646276474
2752,0.9996434450149536
2753,0.9994418025016785
2754,0.7736710906028748
2755,0.9971418976783752
2756,0.9999954700469971
2757,0.9924141764640808
2758,0.9865952730178833
2759,0.10876242816448212
276,0.9783268570899963
2760,0.07642672955989838
2761,0.06910967081785202
2762,5.5584106206651995e-09
2763,0.9992715716362
2764,0.00044387506204657257
2765,0.7260856628417969
2766,0.06330198794603348
2767,0.9990793466567993
2768,0.9998251795768738
2769,0.001422239001840353
277,0.9999973773956299
2770,0.9509575963020325
2771,0.9997078776359558
2772,2.304652298334986e-06
2773,0.9599790573120117
2774,0.9992393255233765
2775,0.9991245865821838
2776,0.414355605840683
2777,0.14202290773391724
2778,0.9999945163726807
2779,0.9813419580459595
278,0.014683551155030727
2780,4.441757660293602e-16
2781,0.991672694683075
2782,0.9999982118606567
2783,8.27192998258397e-05
2784,0.7102020978927612
2785,6.222572235259349e-09
2786,0.970496654510498
2787,0.9889262914657593
2788,0.9936233162879944
2789,0.9796262383460999
279,0.3400545120239258
2790,0.044919151812791824
2791,0.8780643343925476
2792,0.999704897403717
2793,1.0659667168511078e-05
2794,3.2661191653460264e-05
2795,0.947576642036438
2796,0.9998565912246704
2797,0.6947107911109924
2798,0.9996664524078369
2799,0.13272202014923096
28,4.0547392110568126e-09
280,0.999993085861206
2800,0.999967098236084
2801,0.00026563648134469986
2802,0.9874035120010376
2803,2.098305594699923e-05
2804,0.2268075942993164
2805,0.0024365216959267855
2806,0.8703579306602478
2807,3.907916834577918e-08
2808,5.3660340199712664e-05
2809,1.735141950121033e-06
281,0.9815733432769775
2810,2.2698712598412385e-07
2811,6.227565336303087e-06
2812,6.340918048408639e-07
2813,0.9999761581420898
2814,0.006151379551738501
2815,5.8378936955705285e-05
2816,0.00040844923933036625
2817,2.9351904231589288e-05
2818,5.548507033381611e-05
2819,0.9998658895492554
282,0.9044404029846191
2820,0.9565398693084717
2821,0.003967138007283211
2822,0.9849934577941895
2823,1.0858543220138017e-07
2824,0.9995701909065247
2825,0.704929769039154
2826,0.6959563493728638
2827,0.9988638162612915
2828,2.923898136941716e-05
2829,0.9972080588340759
283,0.00031068871612660587
2830,0.9825415015220642
2831,0.005429265089333057
2832,5.549300112761557e-05
2833,0.9986680746078491
2834,0.9402099847793579
2835,0.8937819004058838
2836,0.0064462702721357346
2837,8.909959348102348e-08
2838,0.0017367666587233543
2839,0.15292951464653015
284,0.0006410680362023413
2840,3.3010855986503884e-06
2841,1.6092704754555598e-05
2842,0.31687530875205994
2843,0.9773878455162048
2844,0.9979693293571472
2845,0.9999796152114868
2846,0.0001364350173389539
2847,0.1009766235947609
2848,6.148634490443783e-09
2849,1.71537740243366e-05
285,7.460227493538696e-07
2850,2.9563218504335964e-06
2851,1.4536310118273832e-05
2852,0.0001373706036247313
2853,4.084383817826165e-06
2854,6.942452455405146e-05
2855,0.999981164932251
2856,0.9999947547912598
2857,2.951054284494603e-06
2858,0.4874236285686493
2859,1.8179438484366983e-05
286,0.11903791129589081
2860,0.0014395632315427065
2861,0.003377955872565508
2862,0.00012418118421919644
2863,0.00013072403089608997
2864,0.0008458178490400314
2865,0.03953371196985245
2866,2.6482875910005532e-06
2867,0.9988158941268921
2868,0.979006826877594
2869,0.8857601284980774
287,8.224281918955967e-05
2870,0.01963699236512184
2871,0.9489510655403137
2872,0.9991121888160706
2873,5.7023471526918e-06
2874,3.477892391856585e-07
2875,0.9931880235671997
2876,0.9996273517608643
2877,0.9626682996749878
2878,0.9676452875137329
2879,0.9613223075866699
288,0.7272709012031555
2880,7.950288818392437e-06
2881,0.9997305274009705
2882,0.9903057813644409
2883,8.670926945342217e-06
2884,0.9995567202568054
2885,0.0038346268702298403
2886,0.0005294754519127309
2887,0.00017679150914773345
2888,3.4294932902412256e-06
2889,0.003862079232931137
289,0.9955008625984192
2890,0.019495278596878052
2891,0.9772382378578186
2892,0.9997524619102478
2893,0.04185374081134796
2894,0.41505667567253113
2895,0.9797645807266235
2896,2.6068333602857763e-10
2897,3.360136058283558e-10
2898,0.9998283386230469
2899,0.2058846354484558
29,0.003196250181645155
290,0.01682290993630886
2900,0.9983832836151123
2901,0.9729416966438293
2902,0.49303382635116577
2903,3.7119221474313235e-08
2904,0.331357479095459
2905,0.9757959842681885
2906,0.0016031762352213264
2907,0.9756109118461609
2908,0.0013403241755440831
2909,0.7965929508209229
291,0.00010877423483179882
2910,0.5241467356681824
2911,0.9970918893814087
2912,0.21284142136573792
2913,0.9595878720283508
2914,0.9996161460876465
2915,0.00095563312061131
2916,0.9999972581863403
2917,0.0011225090129300952
2918,0.16578075289726257
2919,0.9842065572738647
292,0.9795054197311401
2920,0.99947589635849
2921,0.9577110409736633
2922,0.04177580773830414
2923,0.37155860662460327
2924,0.38736316561698914
2925,0.9789153933525085
2926,0.9999675750732422
2927,0.8319740295410156
2928,0.8730550408363342
2929,2.252262873980726e-07
293,0.12083645164966583
2930,0.0007583072292618454
2931,0.9999934434890747
2932,0.7617984414100647
2933,1.6314151141116895e-09
2934,1.4186393570980727e-07
2935,0.00012251758016645908
2936,0.0686468705534935
2937,0.0012141665210947394
2938,3.0031958431209205e-07
2939,0.9991235136985779
294,0.9848157167434692
2940,0.990811824798584
2941,1.5612618142757384e-10
2942,2.6850752732343608e-08
2943,0.2201099693775177
2944,0.0007944544195197523
2945,0.979722797870636
2946,0.9516360759735107
2947,1.7619122827383649e-09
2948,0.18082869052886963
2949,0.02784474566578865
295,0.0966591164469719
2950,0.924828827381134
2951,0.9884361028671265
2952,0.9999717473983765
2953,0.059428468346595764
2954,2.4305597889906494e-07
2955,0.0363241508603096
2956,0.9992035031318665
2957,0.047943998128175735
2958,0.7667868137359619
2959,0.0029861503280699253
296,0.029441069811582565
2960,0.006131123751401901
2961,0.008210105821490288
2962,9.23459921864378e-08
2963,0.04341072589159012
2964,0.9999849796295166
2965,1.167240313293405e-07
2966,2.829685169178104e-14
2967,1.0534980887655365e-08
2968,0.015742331743240356
2969,0.9682292938232422
297,0.9999997615814209
2970,0.03183400630950928
2971,0.8556773662567139
2972,0.9654584527015686
2973,0.9290789365768433
2974,0.7022334337234497
2975,0.8400136232376099
2976,0.005738073959946632
2977,0.00021770625608041883
2978,0.10051003843545914
2979,0.8400031328201294
298,0.976898729801178
2980,0.009053065441548824
2981,0.9871124625205994
2982,0.006218097172677517
2983,5.038170911575435e-06
2984,0.9662256836891174
2985,5.021635843149852e-06
2986,0.9084040522575378
2987,1.2953903194556915e-07
2988,0.9995530247688293
2989,5.4860804084455594e-05
299,0.9998782873153687
2990,0.9969846606254578
2991,0.012907975353300571
2992,0.9947838187217712
2993,0.10370779037475586
2994,0.054883040487766266
2995,6.721744284732267e-05
2996,0.0787566676735878
2997,0.7864411473274231
2998,0.9305817484855652
2999,0.0006656090845353901
3,0.9999936819076538
30,0.0009896565461531281
300,6.977529119467363e-05
3000,3.3589072700124234e-05
3001,0.992548406124115
3002,0.8338797688484192
3003,0.0062890080735087395
3004,5.3955844236952544e-08
3005,0.7574291229248047
3006,0.9030637741088867
3007,0.003424685448408127
3008,1.9713475921889767e-05
3009,0.005483080167323351
301,1.382762366120005e-05
3010,0.4980234205722809
3011,0.43427473306655884
3012,1.876717033155728e-05
3013,0.0025307091418653727
3014,1.8292132153874263e-05
3015,0.9863244891166687
3016,0.9999072551727295
3017,0.6473375558853149
3018,0.9914509654045105
3019,0.9994149208068848
302,0.0011258722515776753
3020,0.9195059537887573
3021,2.2873387933941558e-05
3022,0.0022286123130470514
3023,0.003543767612427473
3024,0.9995170831680298
3025,0.001738525927066803
3026,0.00010580683738226071
3027,0.012651213444769382
3028,0.9893500208854675
3029,0.9175784587860107
303,5.358489119089427e-08
3030,0.9944654107093811
3031,0.9294096231460571
3032,0.9975876808166504
3033,9.929524821927771e-06
3034,0.8726229071617126
3035,2.09401810025156e-06
3036,4.2588960244734075e-13
3037,0.9771543145179749
3038,0.9998157620429993
3039,0.9916784763336182
304,0.0007967356941662729
3040,6.967056833673269e-05
3041,0.1271873116493225
3042,0.0008725816151127219
3043,0.9888168573379517
3044,2.3904240151750855e-06
3045,0.0007596666691824794
3046,0.3916413486003876
3047,3.6580815503839403e-05
3048,0.009209892712533474
3049,0.6633902192115784
305,0.09615255147218704
3050,0.8997960686683655
3051,0.9999988079071045
3052,0.9719772934913635
3053,0.9284881353378296
3054,0.24112658202648163
3055,0.0006817594985477626
3056,1.4297769439508556e-06
3057,0.9995719790458679
3058,3.3104063845712517e-07
3059,0.8238404393196106
306,0.9999264478683472
3060,0.9090153574943542
3061,0.981166660785675
3062,0.9875462651252747
3063,0.00012812188651878387
3064,0.6952710747718811
3065,0.9618841409683228
3066,6.452799425460398e-05
3067,0.8887253999710083
3068,0.9809308648109436
3069,0.5500245690345764
307,0.9994805455207825
3070,0.9988420605659485
3071,0.0004490114515647292
3072,0.6491734981536865
3073,0.05028963088989258
3074,0.9998981952667236
3075,0.9999524354934692
3076,0.9986745119094849
3077,0.00046780629782006145
3078,0.017564132809638977
3079,0.0023330196272581816
308,0.00013875370495952666
3080,0.002083081752061844
3081,0.9997796416282654
3082,5.978909598525206e-07
3083,0.9615851044654846
3084,6.503436452476308e-05
3085,0.7896700501441956
3086,0.980796217918396
3087,0.0015932188834995031
3088,0.00016341201262548566
3089,0.060216691344976425
309,1.1562332202785797e-09
3090,1.0065826927529997e-06
3091,2.402839038850857e-09
3092,0.992717981338501
3093,0.08173927664756775
3094,0.2758246064186096
3095,0.9999297857284546
3096,0.0029381681233644485
3097,0.0003426065086387098
3098,0.026407256722450256
3099,0.9999935626983643
31,0.9896125197410583
310,0.8028022050857544
3100,0.06691329926252365
3101,0.9999983310699463
3102,0.9999469518661499
3103,0.9999995231628418
3104,0.8522350788116455
3105,0.9991850256919861
3106,0.0012511350214481354
3107,0.11332135647535324
3108,0.00022928492398932576
3109,0.6728209853172302
311,9.77631952991942e-06
3110,0.01995520293712616
3111,0.0038568000309169292
3112,1.2480057265396027e-10
3113,2.0009460058645345e-05
3114,0.9924585223197937
3115,0.9979308843612671
3116,0.9996297359466553
3117,0.16992728412151337
3118,0.0014134618686512113
3119,0.9985516667366028
312,0.9408804774284363
3120,0.8872438669204712
3121,5.451740725526122e-10
3122,0.015446813777089119
3123,0.003020839300006628
3124,0.8275104761123657
3125,0.9497802257537842
3126,0.009421267546713352
3127,0.00040251881000585854
3128,0.9999899864196777
3129,0.9925576448440552
313,0.5996663570404053
3130,0.011250356212258339
3131,0.03072611801326275
3132,6.453100206971207e-12
3133,0.9977906942367554
3134,0.9865270256996155
3135,4.823856869506926e-08
3136,0.9998865127563477
3137,0.2512802481651306
3138,0.9750380516052246
3139,0.9965521097183228
314,0.8370786309242249
3140,0.9672650694847107
3141,0.9738282561302185
3142,0.023643910884857178
3143,0.9865401387214661
3144,4.593604607805446e-09
3145,0.9486932754516602
3146,1.0417919104428394e-13
3147,0.9708490967750549
3148,0.7272040247917175
3149,0.9910247325897217
315,0.9697211980819702
3150,0.9984149932861328
3151,0.006818168796598911
3152,0.00023157731629908085
3153,0.308426171541214
3154,3.61378988600336e-05
3155,0.0003398780827410519
3156,0.0011052254121750593
3157,0.9893664717674255
3158,2.9200867933528926e-15
3159,0.098788321018219
316,0.36030030250549316
3160,0.9994581341743469
3161,0.015629056841135025
3162,0.765659511089325
3163,2.7218632903114326e-10
3164,0.9998883008956909
3165,9.917469623310637e-12
3166,0.9940884113311768
3167,0.9992615580558777
3168,1.6349840925578008e-10
3169,1.4749471120012458e-05
317,0.9963833093643188
3170,0.8466171622276306
3171,0.0004433967696968466
3172,0.004792007151991129
3173,0.0018339283997192979
3174,0.9283993244171143
3175,2.120808208412074e-14
3176,0.9695255160331726
3177,3.8073131453097986e-11
3178,0.9974378347396851
3179,0.0017027086578309536
318,0.10615367442369461
3180,0.061777133494615555
3181,0.15255004167556763
3182,0.24669140577316284
3183,0.6693283915519714
3184,0.5315489768981934
3185,0.8110626935958862
3186,0.7779169082641602
3187,0.9333114624023438
3188,0.0005696575390174985
3189,0.9944228529930115
319,0.9990659356117249
3190,0.028825344517827034
3191,0.05301283672451973
3192,0.10028959065675735
3193,0.02556808851659298
3194,1.8459254533809144e-06
3195,0.5052586793899536
3196,0.9986514449119568
3197,4.070560316904448e-05
3198,0.3780883848667145
3199,1.41358981409212e-07
32,0.04416204243898392
320,1.627897745493101e-06
3200,0.9979045391082764
3201,0.001563164172694087
3202,2.884294190153014e-06
3203,0.9268105030059814
3204,0.8915401101112366
3205,1.3889162175928504e-07
3206,0.998790442943573
3207,0.0008363611996173859
3208,2.464392309775576e-06
3209,0.9995341300964355
321,0.9067609906196594
3210,0.0009946252685040236
3211,0.0011487844167277217
3212,0.9610918760299683
3213,1.0182266703447486e-15
3214,0.8242909908294678
3215,0.007830594666302204
3216,0.9962777495384216
3217,0.9955951571464539
3218,0.00039602385368198156
3219,9.75441525952192e-06
322,0.681786060333252
3220,1.867852539305659e-09
3221,0.0017476925859227777
3222,0.9387092590332031
3223,0.9999961853027344
3224,0.8145209550857544
3225,0.0020959714893251657
3226,0.9970117807388306
3227,0.01550460234284401
3228,0.0018110806122422218
3229,0.8631625175476074
323,2.434920598481938e-10
3230,0.0006860455614514649
3231,5.542678316317051e-09
3232,3.78517711396853e-07
3233,0.006236080080270767
3234,0.9419110417366028
3235,0.9992857575416565
3236,1.1065304228452533e-10
3237,0.9971283078193665
3238,0.994667649269104
3239,0.9769470691680908
324,2.838382715708576e-05
3240,0.05264855921268463
3241,0.3563111424446106
3242,9.741248504724354e-05
3243,6.0204525652807206e-05
3244,0.816009521484375
3245,0.7030414938926697
3246,0.0001162098633358255
3247,0.15348538756370544
3248,0.9981160163879395
3249,6.443546681111911e-06
325,0.9924025535583496
3250,0.00012521518510766327
3251,3.5240540796621644e-07
3252,0.8997960686683655
3253,0.9999992847442627
3254,0.3673885762691498
3255,6.350677267619176e-06
3256,0.640007495880127
3257,4.135439368724292e-08
3258,0.10423842817544937
3259,6.773687033501119e-08
326,0.0002925432927440852
3260,0.9975685477256775
3261,0.7993181943893433
3262,0.6731534600257874
3263,4.611318672687048e-06
3264,0.0004451502754818648
3265,0.0028365543112158775
3266,9.13747771846829e-06
3267,0.21905972063541412
3268,0.9917117357254028
3269,0.02948632650077343
327,0.9999979734420776
3270,0.0008903886773623526
3271,4.098726640222594e-05
3272,0.9999943971633911
3273,0.9809685945510864
3274,0.899803876876831
3275,0.08084040880203247
3276,0.8810384273529053
3277,0.0006427001790143549
3278,0.595454216003418
3279,0.9372081160545349
328,0.9015692472457886
3280,0.020180854946374893
3281,0.01955406554043293
3282,0.020191295072436333
3283,0.0007097157067619264
3284,0.9999948740005493
3285,0.00010270117491018027
3286,4.308877254999288e-09
3287,0.002503194147720933
3288,0.9496073126792908
3289,0.18784643709659576
329,2.927793275375734e-06
3290,0.781671404838562
3291,0.9624674916267395
3292,0.9997934699058533
3293,0.9994495511054993
3294,0.9589541554450989
3295,8.194430847652256e-06
3296,5.131556291004813e-10
3297,0.005051485728472471
3298,0.9994070529937744
3299,1.7688668094706372e-06
33,0.9496486186981201
330,0.9858093857765198
3300,0.019057586789131165
3301,0.9964914917945862
3302,0.9826292991638184
3303,0.6955061554908752
3304,0.8351909518241882
3305,0.979816734790802
3306,0.388008713722229
3307,5.519007390830666e-05
3308,0.9912055134773254
3309,0.28246504068374634
331,0.7226132154464722
3310,0.9997683167457581
3311,0.6852750778198242
3312,0.008579647168517113
3313,0.0022098866757005453
3314,0.9682586789131165
3315,0.6299627423286438
3316,0.6199630498886108
3317,0.9322980642318726
3318,0.0015677796909585595
3319,0.0019245324656367302
332,0.7068401575088501
3320,0.5727514028549194
3321,0.9999160766601562
3322,0.7077049612998962
3323,0.9539047479629517
3324,0.0064481329172849655
3325,0.026104580610990524
3326,0.0017572013894096017
3327,0.8558378219604492
3328,0.999459445476532
3329,0.9997640252113342
333,0.00012384487490635365
3330,0.19177113473415375
3331,0.6785434484481812
3332,0.000897484365850687
3333,0.003066109260544181
3334,9.352434972242918e-06
3335,0.18976037204265594
3336,0.9998562335968018
3337,5.962549948890228e-06
3338,0.995607316493988
3339,0.9996050000190735
334,0.010030422359704971
3340,0.9999979734420776
3341,0.009955021552741528
3342,4.226002056384459e-05
3343,3.8349270425896975e-07
3344,0.9983670115470886
3345,0.9901888966560364
3346,0.00017290822870563716
3347,0.0019511861028149724
3348,0.19968783855438232
3349,0.014538967981934547
335,0.007678776513785124
3350,0.35058334469795227
3351,0.999996542930603
3352,0.0007927785627543926
3353,0.2022850215435028
3354,0.9999998807907104
3355,0.7650743722915649
3356,0.9996509552001953
3357,0.014698474667966366
3358,0.0017893619369715452
3359,0.0029333001002669334
336,0.08898666501045227
3360,0.9821204543113708
3361,0.9798157215118408
3362,0.5427870750427246
3363,0.9995249509811401
3364,1.0
3365,0.00013899191981181502
3366,0.9997497200965881
3367,0.9997977614402771
3368,0.9999929666519165
3369,0.8002692461013794
337,0.9999721050262451
3370,1.8155414949205806e-08
3371,8.671679097460583e-06
3372,0.9999773502349854
3373,1.2476338270062115e-05
3374,0.9358063340187073
3375,0.9490989446640015
3376,1.8324808337411014e-08
3377,9.035316139716087e-08
3378,0.998728334903717
3379,0.9896652102470398
338,0.08775123208761215
3380,0.9919690489768982
3381,2.313208460691385e-05
3382,0.00035132875200361013
3383,0.9728562831878662
3384,0.9998549222946167
3385,0.5479699373245239
3386,6.23262021420129e-13
3387,1.6751723341812408e-09
3388,1.799290294002276e-05
3389,8.181619341485202e-05
339,0.9927727580070496
3390,0.0005802427185699344
3391,0.9927491545677185
3392,1.0206398570744568e-07
3393,0.925723671913147
3394,6.075206692912616e-05
3395,0.9528222680091858
3396,0.43155092000961304
3397,1.0215419933956582e-05
3398,0.0007275212556123734
3399,0.010566290467977524
34,2.3773183421837984e-10
340,2.999654498125892e-06
3400,0.926903486251831
3401,0.22933857142925262
3402,1.0425264918012545e-07
3403,0.0007579553639516234
3404,1.4443629879679065e-05
3405,0.00016257479728665203
3406,0.9947264790534973
3407,0.4092823565006256
3408,0.9999932050704956
3409,0.9990301132202148
341,0.00952162779867649
3410,0.9997836947441101
3411,1.990282726183068e-05
3412,0.6281747221946716
3413,0.9989874958992004
3414,0.02959531731903553
3415,0.010509566403925419
3416,0.00015105878992471844
3417,0.9869740009307861
3418,2.5280550630668586e-07
3419,0.9999722242355347
342,2.6112251916288187e-08
3420,0.9998458623886108
3421,0.9974944591522217
3422,0.998121440410614
3423,2.7359094474377343e-06
3424,0.0010431439150124788
3425,0.0005281533231027424
3426,0.003321057418361306
3427,2.5449102736274654e-07
3428,0.4666008949279785
3429,1.4655129234597553e-06
343,3.1573119940730976e-07
3430,0.9608142375946045
3431,1.0800970358104678e-06
3432,0.9998000264167786
3433,0.48610299825668335
3434,0.9764020442962646
3435,0.9999649524688721
3436,6.398399273166433e-05
3437,0.0062591033056378365
3438,1.1134587111882865e-05
3439,0.8702452182769775
344,0.9889806509017944
3440,0.972855806350708
3441,0.15828219056129456
3442,0.8976159691810608
3443,1.8817634554579854e-05
3444,1.4563408512913156e-05
3445,0.9894875288009644
3446,0.7591503858566284
3447,7.381013347185217e-06
3448,1.582761477436634e-08
3449,1.126388262176481e-12
345,0.00017989228945225477
3450,0.25571131706237793
3451,0.005104693118482828
3452,0.00030649983091279864
3453,0.9245918393135071
3454,0.9888418912887573
3455,0.980884313583374
3456,1.1719825998568467e-08
3457,0.05992718040943146
3458,1.1127750667583314e-06
3459,0.9999544620513916
346,0.997057318687439
3460,0.00014736922457814217
3461,4.423764949024189e-06
3462,1.2799180240108399e-06
3463,7.394354639700396e-08
3464,0.9999356269836426
3465,6.190002750372514e-05
3466,0.995299220085144
3467,0.1943160444498062
3468,0.9999450445175171
3469,0.9994763731956482
347,0.21399323642253876
3470,0.9995313882827759
3471,0.9993578791618347
3472,0.6967912912368774
3473,0.0001311194064328447
3474,1.7999042256633402e-09
3475,5.3800427849637344e-05
3476,1.8061253603818272e-09
3477,5.732917634304613e-05
3478,0.9999661445617676
3479,2.4907849365263246e-06
348,0.995618999004364
3480,0.9687017202377319
3481,0.24494588375091553
3482,0.0003202692896593362
3483,7.7804340747889e-09
3484,0.00033154530683532357
3485,0.9424693584442139
3486,0.9989533424377441
3487,0.9309816956520081
3488,0.9935792684555054
3489,0.0007782283937558532
349,0.8621554374694824
3490,0.9999972581863403
3491,0.9997530579566956
3492,3.6245987757865805e-06
3493,0.01091583352535963
3494,0.9882304668426514
3495,8.038426312850788e-05
3496,1.110703465201368e-06
3497,0.7865958213806152
3498,2.9352913770708255e-06
3499,6.768959792680107e-08
35,0.0018320115050300956
350,0.9999628067016602
3500,0.770415186882019
3501,1.893198896141257e-05
3502,3.082232433371246e-05
3503,0.00017088792810682207
3504,0.8273196220397949
3505,0.992141842842102
3506,0.05489479750394821
3507,0.2719041109085083
3508,0.990018367767334
3509,0.0037999788764864206
351,0.3734336197376251
3510,0.0002633196418173611
3511,0.8406579494476318
3512,6.609811293856183e-07
3513,1.0960478903143667e-05
3514,0.0022548565175384283
3515,0.9999781847000122
3516,1.5156023437157273e-05
3517,0.00017612923693377525
3518,1.4892777289166048e-10
3519,0.023847434669733047
352,0.9867863059043884
3520,0.12430030852556229
3521,0.9999984502792358
3522,0.5530295968055725
3523,0.9970375299453735
3524,0.4894790053367615
3525,0.058355219662189484
3526,0.94359290599823
3527,0.9975959658622742
3528,0.7739885449409485
3529,0.962103009223938
353,0.003512793453410268
3530,0.6500090956687927
3531,0.00041613553185015917
3532,0.009751168079674244
3533,8.297757449327037e-05
3534,0.00015549985982943326
3535,0.9932667016983032
3536,0.7138460874557495
3537,0.9985062479972839
3538,0.8477062582969666
3539,0.005543404258787632
354,0.00014041985559742898
3540,0.5943797826766968
3541,0.0014360222266986966
3542,0.5398375391960144
3543,0.00010291372745996341
3544,0.9996460676193237
3545,0.017184583470225334
3546,0.40014007687568665
3547,0.0005076912348158658
3548,3.579327483294037e-07
3549,0.8225026726722717
355,0.761151909828186
3550,0.9994392991065979
3551,0.0008663145126774907
3552,0.23582397401332855
3553,0.003503168700262904
3554,0.10133690387010574
3555,8.134957170113921e-05
3556,0.06511422991752625
3557,0.5757862329483032
3558,0.9990363121032715
3559,0.000899879727512598
356,0.9999008178710938
3560,0.022834820672869682
3561,5.886167553370569e-09
3562,0.03522597998380661
3563,0.9979540109634399
3564,0.9903954863548279
3565,0.019807931035757065
3566,0.00015917548444122076
3567,0.8064292669296265
3568,0.9998656511306763
3569,0.594363808631897
357,1.443962332814408e-06
3570,0.9996535778045654
3571,0.9893755912780762
3572,0.997498095035553
3573,0.9435454607009888
3574,0.9935043454170227
3575,4.5921551645733416e-05
3576,0.002245665527880192
3577,0.0008623538305982947
3578,0.00491252401843667
3579,0.9625109434127808
358,0.9994422793388367
3580,0.9994795918464661
3581,6.300573573980728e-08
3582,6.469627322758242e-08
3583,2.9167376851546578e-05
3584,0.03088969737291336
3585,0.9985639452934265
3586,0.6634162664413452
3587,0.9984118938446045
3588,0.6853588819503784
3589,0.5087096691131592
359,7.230485789477825e-05
3590,0.5606613159179688
3591,0.9979337453842163
3592,0.05316255986690521
3593,0.9997552037239075
3594,0.15972036123275757
3595,0.9996224641799927
3596,0.01377494353801012
3597,1.4540010852215346e-05
3598,0.9962798953056335
3599,0.3223285675048828
36,0.10779523849487305
360,0.013838546350598335
3600,0.9977952241897583
3601,0.999883770942688
3602,8.233321568695828e-05
3603,3.984400720469239e-08
3604,7.468242984032258e-07
3605,0.00023928385053295642
3606,0.954619824886322
3607,0.005395951215177774
3608,0.9988629817962646
3609,5.102360955788754e-05
361,2.989653694385197e-05
3610,0.9976361989974976
3611,1.6168061733878858e-07
3612,1.2052168985032807e-10
3613,0.9999990463256836
3614,0.008019042201340199
3615,0.09988036751747131
3616,1.9872593838954344e-05
3617,7.17956891094218e-06
3618,0.0007775463745929301
3619,0.9719654321670532
362,2.6268057951028823e-08
3620,0.000779071357101202
3621,0.007286228239536285
3622,0.0013942723162472248
3623,0.9743010997772217
3624,0.00017920044774655253
3625,0.05505862459540367
3626,0.99112468957901
3627,0.22182798385620117
3628,2.7314983981341356e-06
3629,0.00011021949467249215
363,0.9969384670257568
3630,0.994059681892395
3631,3.9818358345655724e-05
3632,2.2950103812036105e-05
3633,0.9385722875595093
3634,0.9071784019470215
3635,9.475112892687321e-05
3636,0.0002191150706494227
3637,0.9608488082885742
3638,2.42914865111743e-07
3639,0.9994314312934875
364,1.4690431163200124e-11
3640,0.0006780705880373716
3641,7.611084583913907e-06
3642,0.9879465699195862
3643,5.281747507979162e-05
3644,1.2952202723681694e-06
3645,0.8210488557815552
3646,0.006840222980827093
3647,1.5526091523554442e-09
3648,0.9996076226234436
3649,6.771607274913549e-08
365,0.9621267318725586
3650,0.998389482498169
3651,0.005076064728200436
3652,0.6799098253250122
3653,0.998365581035614
3654,0.0017742603085935116
3655,0.9997356534004211
3656,0.001305790152400732
3657,0.012189619243144989
3658,0.9999996423721313
3659,0.876936137676239
366,0.34850889444351196
3660,8.887002877600025e-06
3661,0.9960940480232239
3662,0.055107444524765015
3663,0.0191185362637043
3664,0.0008367135305888951
3665,0.0006910345400683582
3666,8.106682436448409e-09
3667,0.8488105535507202
3668,2.207376610385836e-06
3669,0.9501895904541016
367,0.9993102550506592
3670,0.013604899868369102
3671,0.0030485668685287237
3672,1.368750758956594e-06
3673,5.626303391181864e-05
3674,0.5955653190612793
3675,0.05177588015794754
3676,0.9936636686325073
3677,0.999717652797699
3678,0.5109369158744812
3679,0.9633850455284119
368,0.9901466965675354
3680,0.4992716610431671
3681,0.00020059867529198527
3682,0.9993624091148376
3683,0.015180186368525028
3684,0.018991362303495407
3685,0.9780781865119934
3686,1.6170112360214262e-07
3687,0.008648097515106201
3688,0.9988712668418884
3689,0.14006072282791138
369,0.8959875106811523
3690,0.9974955916404724
3691,0.006938358303159475
3692,0.7160019874572754
3693,0.1721847802400589
3694,0.0007203717832453549
3695,0.013750206679105759
3696,0.9968082308769226
3697,0.9996860027313232
3698,0.006963006686419249
3699,6.876628322061151e-05
37,0.0172523632645607
370,0.23985344171524048
3700,0.08561480790376663
3701,0.805461585521698
3702,2.0486831999733113e-05
3703,9.22649196581915e-05
3704,0.0012132578995078802
3705,2.790391562257355e-08
3706,0.999994158744812
3707,0.004465962760150433
3708,0.06383902579545975
3709,0.960865318775177
371,0.9991175532341003
3710,0.9999059438705444
3711,0.9830155968666077
3712,7.431957055814564e-05
3713,0.8554022312164307
3714,0.34064963459968567
3715,0.9567763209342957
3716,0.4272867441177368
3717,4.153102418058552e-05
3718,0.9885454773902893
3719,0.9987473487854004
372,0.00024132481485139579
3720,0.0007508504204452038
3721,0.006601706612855196
3722,0.7210376858711243
3723,0.17410317063331604
3724,0.0007954585598781705
3725,8.990037514422511e-08
3726,0.17492832243442535
3727,3.0672946849108484e-08
3728,0.7518567442893982
3729,0.5963508486747742
373,0.08912640810012817
3730,0.8254228234291077
3731,1.4737707942913403e-06
3732,0.07342956960201263
3733,0.012141884304583073
3734,0.4251355230808258
3735,0.7205039858818054
3736,4.856689338339493e-05
3737,0.0007560379453934729
3738,1.3883806992964765e-08
3739,0.9999656677246094
374,0.5952072143554688
3740,0.022088022902607918
3741,0.9998544454574585
3742,0.4394657015800476
3743,3.29131398757454e-05
3744,0.9954485297203064
3745,2.0821395082748495e-05
3746,1.4779823633592103e-16
3747,0.0012347321026027203
3748,0.7050415277481079
3749,0.9999986886978149
375,0.013625545427203178
3750,7.094805914675817e-05
3751,0.0003402681031730026
3752,0.9033212661743164
3753,0.01738678850233555
3754,0.9933299422264099
3755,0.9494597315788269
3756,0.9988596439361572
3757,0.9996225833892822
3758,0.2811726927757263
3759,0.9973153471946716
376,0.0021946171764284372
3760,0.9985783100128174
3761,0.9999393224716187
3762,9.740570385474712e-05
3763,0.32057738304138184
3764,0.9998371601104736
3765,0.6496211886405945
3766,1.2436044926289469e-05
3767,0.01979377120733261
3768,2.3985848029983714e-13
3769,0.014385059475898743
377,0.9999415874481201
3770,0.9993160963058472
3771,0.04577327147126198
3772,0.00807906687259674
3773,0.9819667339324951
3774,0.9792541265487671
3775,0.4878139793872833
3776,0.9585085511207581
3777,0.02461935207247734
3778,0.9998396635055542
3779,5.091666466228162e-08
378,2.294494905186184e-08
3780,0.9999878406524658
3781,0.0006953261909075081
3782,0.0013594591291621327
3783,0.9997912049293518
3784,0.9996539354324341
3785,0.919938862323761
3786,9.597904863767326e-06
3787,0.9930323362350464
3788,0.399818480014801
3789,0.9997726082801819
379,0.9911933541297913
3790,0.00013510607823263854
3791,0.7029743194580078
3792,0.026824146509170532
3793,0.002889556111767888
3794,0.21949999034404755
3795,0.9628509879112244
3796,5.3150848543737084e-05
3797,0.6590480208396912
3798,0.014119240455329418
3799,0.9999696016311646
38,0.29372042417526245
380,0.17756347358226776
3800,0.9613032341003418
3801,0.9999217987060547
3802,0.9586908221244812
3803,0.9999897480010986
3804,9.168561049266444e-11
3805,0.9834083318710327
3806,0.9890509843826294
3807,0.6711130142211914
3808,0.9999998807907104
3809,0.8004888296127319
381,0.7854164838790894
3810,0.8293184041976929
3811,0.9299138784408569
3812,0.003436405211687088
3813,0.8980159759521484
3814,0.999705970287323
3815,0.0012217885814607143
3816,0.9967790246009827
3817,0.9848974347114563
3818,0.018674083054065704
3819,0.0058518159203231335
382,5.249810419627465e-05
3820,0.998728334903717
3821,1.2830337254854385e-05
3822,1.2115202707718709e-06
3823,0.0002870587049983442
3824,5.424873961601406e-05
3825,2.418330076123243e-12
3826,0.9995123147964478
3827,0.0017940497491508722
3828,0.997082531452179
3829,0.999811589717865
383,0.9999910593032837
3830,0.00017238737200386822
3831,6.059875518049651e-11
3832,0.01608462445437908
3833,0.6547955870628357
3834,7.513810740592507e-15
3835,0.07824575901031494
3836,0.5442099571228027
3837,0.9968488812446594
3838,0.9368053674697876
3839,3.414328375583864e-06
384,0.9976377487182617
3840,1.4394414392882027e-05
3841,0.7279257774353027
3842,1.913185059265743e-07
3843,0.0010811388492584229
3844,0.4443035125732422
3845,1.6431662288596272e-06
3846,0.0006614525336772203
3847,0.0002637332072481513
3848,0.9895251989364624
3849,0.9945118427276611
385,0.9990792274475098
3850,0.0018281744560226798
3851,0.05854599177837372
3852,1.955653737908958e-12
3853,0.0003559738979674876
3854,3.282615068656014e-08
3855,0.8468995690345764
3856,0.05064929649233818
3857,0.00494000967592001
3858,0.018120691180229187
3859,0.0004661597195081413
386,0.004265161231160164
3860,0.8079889416694641
3861,0.000574279110878706
3862,0.0012804289581254125
3863,6.105646662035724e-06
3864,0.7462578415870667
3865,2.4915354970289627e-06
3866,0.005883087404072285
3867,0.7720338702201843
3868,0.05101662501692772
3869,4.989856279280502e-06
387,3.6909125356032746e-07
3870,0.012501236982643604
3871,0.9850902557373047
3872,0.00010353837569709867
3873,0.000284159294096753
3874,0.9999628067016602
3875,1.0
3876,0.001196985482238233
3877,0.7745097279548645
3878,0.16442717611789703
3879,0.9992411136627197
388,0.16242240369319916
3880,0.5722028017044067
3881,2.585450783954002e-05
3882,0.6967633962631226
3883,0.009730294346809387
3884,0.9999990463256836
3885,9.907059393299278e-06
3886,0.2725561559200287
3887,0.0006948336376808584
3888,0.0009301029494963586
3889,0.006082328036427498
389,0.9999959468841553
3890,3.075499989790842e-05
3891,0.8196790814399719
3892,1.2600118679984007e-05
3893,0.5410536527633667
3894,0.9974986910820007
3895,1.1721390968943979e-08
3896,0.9976673126220703
3897,0.02130362018942833
3898,5.3397643569041975e-06
3899,0.11013805866241455
39,0.8052710890769958
390,0.9861612319946289
3900,0.2118011713027954
3901,3.147197639918886e-05
3902,0.9904836416244507
3903,2.3544288296761806e-08
3904,0.992809534072876
3905,0.9999715089797974
3906,0.0005736308521591127
3907,0.9932110905647278
3908,0.8347302079200745
3909,0.9959641695022583
391,0.9990288019180298
3910,0.9999816417694092
3911,6.586319068446755e-05
3912,0.9970756769180298
3913,0.9988150596618652
3914,0.9989043474197388
3915,0.9928305745124817
3916,0.8936665058135986
3917,0.9999994039535522
3918,0.9963117241859436
3919,0.9999570846557617
392,0.0001598166418261826
3920,1.7895589508043486e-06
3921,0.9966914653778076
3922,1.0866254490443043e-14
3923,0.9561939239501953
3924,0.9984140396118164
3925,0.8901101350784302
3926,0.959362268447876
3927,0.3183586597442627
3928,0.9999774694442749
3929,0.0018410560442134738
393,0.0010044029913842678
3930,0.043317168951034546
3931,0.016136277467012405
3932,0.027814583852887154
3933,0.02562795765697956
3934,0.01458836905658245
3935,0.0002375394687987864
3936,0.8148449659347534
3937,0.009825977496802807
3938,1.4636531098233263e-08
3939,0.16269677877426147
394,0.9993374943733215
3940,0.9999961853027344
3941,0.9944080114364624
3942,0.9998231530189514
3943,0.9999986886978149
3944,8.221068270586329e-09
3945,0.9984219074249268
3946,4.005567097919993e-05
3947,0.9224693775177002
3948,0.9999998807907104
3949,0.7813395261764526
395,0.06882315129041672
3950,0.9998952150344849
3951,0.0001324322511209175
3952,0.5760680437088013
3953,0.00011231160897295922
3954,7.194223144324496e-06
3955,0.9999995231628418
3956,0.9630309343338013
3957,0.003400807036086917
3958,0.010084067471325397
3959,0.00017010775627568364
396,0.9660875797271729
3960,0.9974426031112671
3961,0.1773259937763214
3962,0.962493896484375
3963,0.049518950283527374
3964,3.0836826425684194e-09
3965,0.010083887726068497
3966,0.0366005003452301
3967,0.8933781385421753
3968,0.9984803795814514
3969,0.9439127445220947
397,0.9957231283187866
3970,0.00019670506299007684
3971,0.04699722304940224
3972,0.9998741149902344
3973,0.009213077835738659
3974,0.00018307343998458236
3975,0.02343950793147087
3976,5.972532744635828e-05
3977,1.5489411453017965e-05
3978,0.8413402438163757
3979,0.9999346733093262
398,4.6244109398685396e-05
3980,0.011984226293861866
3981,0.9999682903289795
3982,0.24286846816539764
3983,2.586219807199086e-07
3984,0.08824577182531357
3985,0.9752437472343445
3986,0.9386572241783142
3987,0.04980672150850296
3988,0.9999949932098389
3989,0.9988377690315247
399,0.7796195149421692
3990,0.9679269790649414
3991,0.998855471611023
3992,0.0010620933026075363
3993,0.7335977554321289
3994,3.3190974413344065e-09
3995,0.0006932620890438557
3996,0.5716607570648193
3997,0.9983057975769043
3998,0.0012044589966535568
3999,3.511165402869665e-07
4,0.9999868869781494
40,6.943723292351933e-06
400,0.9848334193229675
4000,2.326140929653775e-05
4001,0.800807535648346
4002,0.0014193354872986674
4003,0.0012138265883550048
4004,0.04122186824679375
4005,0.5031875967979431
4006,0.9999996423721313
4007,0.007004879880696535
4008,0.003711034543812275
4009,0.999738872051239
401,0.2031853049993515
4010,0.9993842840194702
4011,7.528827694613938e-08
4012,0.00022352355881594121
4013,3.251196176279336e-05
4014,0.00024365460558328778
4015,8.902130502974615e-05
4016,0.008882132358849049
4017,0.9375896453857422
4018,2.7215834052185528e-05
4019,0.004085096530616283
402,0.00032994378125295043
4020,0.136679545044899
4021,0.9377031326293945
4022,1.208855610457249e-05
4023,0.9972385168075562
4024,0.9998922348022461
4025,0.9999872446060181
4026,0.9995346069335938
4027,0.9856511950492859
4028,0.8956637978553772
4029,0.00013589684385806322
403,0.9999973773956299
4030,7.559353321084927e-07
4031,0.9858356714248657
4032,0.048658035695552826
4033,0.9971746206283569
4034,7.249396730912849e-05
4035,2.392177748333779e-06
4036,0.9517421722412109
4037,0.0006209638668224216
4038,3.914461194653995e-05
4039,0.9375156760215759
404,0.00012871749640908092
4040,0.9999895095825195
4041,0.08166416734457016
4042,0.9900936484336853
4043,0.5969612002372742
4044,0.9997593760490417
4045,0.8356667160987854
4046,1.2613531552574386e-08
4047,7.47159106140316e-07
4048,9.237758717972611e-07
4049,0.9999850988388062
405,0.8437482118606567
4050,0.9583368301391602
4051,0.0005346855032257736
4052,0.0005201036692596972
4053,0.9999860525131226
4054,0.9141180515289307
4055,0.9472022652626038
4056,0.0028407301288098097
4057,1.4978423678257968e-05
4058,0.0087903356179595
4059,0.043410029262304306
406,0.08233864605426788
4060,3.265389523221529e-07
4061,9.5454353754576e-08
4062,0.9999996423721313
4063,0.00014684349298477173
4064,2.4962781026260927e-05
4065,0.47745558619499207
4066,0.00028729939367622137
4067,0.7547388672828674
4068,0.001106295152567327
4069,0.9973629117012024
407,0.00515845837071538
4070,0.0005468567833304405
4071,1.0009492143581156e-05
4072,0.9673352241516113
4073,0.9988729357719421
4074,5.564041930483654e-05
4075,1.25734715084036e-07
4076,1.1434376574470662e-05
4077,0.9623278379440308
4078,0.9759324789047241
4079,2.2610618543694727e-05
408,0.06080956384539604
4080,0.8512935042381287
4081,0.0045640552416443825
4082,0.00018573456327430904
4083,0.998161256313324
4084,1.1121163018268376e-10
4085,0.0010568358702585101
4086,0.9966326355934143
4087,0.9999401569366455
4088,0.006798999384045601
4089,0.022958029061555862
409,4.799985981662758e-05
4090,0.9565261602401733
4091,0.9289877414703369
4092,0.990862250328064
4093,5.68393588764593e-05
4094,0.9407789707183838
4095,0.9840602874755859
4096,0.7342566847801208
4097,1.3352396965871094e-10
4098,0.006474363151937723
4099,0.9573608040809631
41,0.039472199976444244
410,1.7207861674251035e-05
4100,0.0002945111773442477
4101,9.931711701938184e-07
4102,0.9995771050453186
4103,0.9935051202774048
4104,0.9993302822113037
4105,3.833571099676192e-05
4106,0.012006247416138649
4107,0.9813544750213623
4108,0.9999704360961914
4109,7.289299446711084e-06
411,0.5575821995735168
4110,0.999995231628418
4111,3.69794972421289e-09
4112,0.0003355610533617437
4113,0.9682594537734985
4114,2.4221715648309328e-05
4115,0.13476961851119995
4116,0.9971164464950562
4117,5.1750277634710073e-05
4118,0.00634685019031167
4119,3.5570093537273806e-09
412,0.9999054670333862
4120,0.8376241326332092
4121,0.9108477234840393
4122,0.5478937029838562
4123,1.5846175301703624e-05
4124,0.00010578163346508518
4125,0.9884247779846191
4126,0.9913869500160217
4127,0.0003168426046613604
4128,0.05015138164162636
4129,0.9607175588607788
413,0.7330415844917297
4130,0.9977191090583801
4131,0.9493188858032227
4132,7.71865961723961e-06
4133,0.006579123437404633
4134,0.0014532682253047824
4135,0.9869193434715271
4136,0.9954838752746582
4137,0.003598878625780344
4138,0.9591290354728699
4139,0.00017634684627410024
414,5.366459390643286e-06
4140,1.4431443817741751e-09
4141,0.9835216999053955
4142,0.0066752927377820015
4143,0.9413124918937683
4144,0.9998412132263184
4145,0.9998832941055298
4146,4.9395865175938525e-09
4147,0.025867797434329987
4148,0.002637385157868266
4149,0.2621200382709503
415,0.9961928129196167
4150,0.0038428306579589844
4151,0.028552047908306122
4152,0.11046890169382095
4153,4.3555399315664545e-05
4154,3.6311800233335134e-09
4155,0.8164491057395935
4156,0.15021470189094543
4157,0.0005731166456826031
4158,6.017125087964814e-06
4159,0.0006207011756487191
416,0.0048479740507900715
4160,0.04524260759353638
4161,0.989459753036499
4162,0.0022191002499312162
4163,0.00011719538451870903
4164,0.9733577370643616
4165,0.9500535726547241
4166,0.9923374056816101
4167,0.006699631456285715
4168,0.9187437295913696
4169,0.00015398437972180545
417,0.06317634135484695
4170,0.9976108074188232
4171,0.9977818131446838
4172,5.919823706790339e-07
4173,0.9976484179496765
4174,0.9219112396240234
4175,0.9964634776115417
4176,0.7334415316581726
4177,0.03553019464015961
4178,0.9999701976776123
4179,9.396452504972785e-10
418,1.0
4180,0.9897672533988953
4181,3.5938162909587845e-05
4182,0.00010210493201157078
4183,0.000751429470255971
4184,0.004141989164054394
4185,4.774965418619104e-07
4186,0.00037398008862510324
4187,1.1317732862003993e-10
4188,0.0026214008685201406
4189,1.1154749017805443e-06
419,0.0015518151922151446
4190,0.9993768334388733
4191,0.9019646048545837
4192,0.9984330534934998
4193,5.243521081865765e-05
4194,0.9978451728820801
4195,0.8504312634468079
4196,0.0038282277528196573
4197,0.004050019662827253
4198,0.9998828172683716
4199,0.8512930274009705
42,0.9996891021728516
420,0.7703705430030823
4200,0.09210807830095291
4201,0.0002912784111686051
4202,0.1758773773908615
4203,0.999840497970581
4204,3.1326602423220606e-10
4205,0.004212737083435059
4206,0.05683542415499687
4207,4.903224635199877e-07
4208,0.18944816291332245
4209,0.0005094569642096758
421,0.9675825834274292
4210,0.9942461848258972
4211,0.9245685935020447
4212,0.008550779893994331
4213,3.6282970540924e-05
4214,0.032993316650390625
4215,0.9927698969841003
4216,0.999504566192627
4217,0.004737169481813908
4218,0.0019557003397494555
4219,0.9998645782470703
422,0.9999009370803833
4220,0.027409881353378296
4221,0.0005367934936657548
4222,0.028596842661499977
4223,0.5811063051223755
4224,0.9788893461227417
4225,0.0007181898690760136
4226,0.5046485066413879
4227,0.5086071491241455
4228,0.00043782556895166636
4229,0.012266098521649837
423,0.8620852828025818
4230,0.9892486333847046
4231,0.819845974445343
4232,0.02006843499839306
4233,0.4103158414363861
4234,0.9981215596199036
4235,0.9359824657440186
4236,0.000502094510011375
4237,0.0075979377143085
4238,0.0016588190337643027
4239,1.6777679775259458e-05
424,0.9713886380195618
4240,0.07746028155088425
4241,0.9888814091682434
4242,0.9961155652999878
4243,0.9139804840087891
4244,0.0031297067180275917
4245,1.0
4246,0.26522693037986755
4247,0.7997370362281799
4248,0.9900104403495789
4249,4.416674581619873e-09
425,0.9826819896697998
4250,9.766786206455436e-06
4251,0.42081865668296814
4252,0.5548593997955322
4253,0.00022086291573941708
4254,0.8824790120124817
4255,1.0
4256,0.7269389033317566
4257,0.9996968507766724
4258,0.9999967813491821
4259,0.9212366938591003
426,0.01925773173570633
4260,0.709502637386322
4261,0.9816583395004272
4262,0.025777097791433334
4263,0.0014182160375639796
4264,0.9309925436973572
4265,0.1751203089952469
4266,0.03072022646665573
4267,0.9979719519615173
4268,0.9996516704559326
4269,1.8068549434424597e-10
427,0.8020899295806885
4270,0.00021183385979384184
4271,0.00010739604476839304
4272,0.999794065952301
4273,0.018745455890893936
4274,0.9969623684883118
4275,0.9776074290275574
4276,0.0006125703803263605
4277,0.8542641997337341
4278,0.0012557553127408028
4279,0.0010397507576271892
428,0.002120020566508174
4280,0.0007448007818311453
4281,1.9887841062882217e-06
4282,0.9993896484375
4283,3.8813632272649556e-05
4284,0.2534184157848358
4285,2.0864932892550314e-08
4286,0.9880488514900208
4287,0.9856999516487122
4288,6.539863534271717e-06
4289,0.9923220276832581
429,0.9974573254585266
4290,0.999139666557312
4291,2.8299808718657005e-07
4292,0.00044229032937437296
4293,0.00017752630810718983
4294,0.9931877851486206
4295,0.09872270375490189
4296,0.0003594024165067822
4297,0.9996285438537598
4298,0.9335941076278687
4299,0.9858847260475159
43,0.9994415640830994
430,0.010026189498603344
4300,0.9918023943901062
4301,0.04684069752693176
4302,0.9999022483825684
4303,0.5341574549674988
4304,0.9940645098686218
4305,0.9985766410827637
4306,0.02731032855808735
4307,0.898410975933075
4308,0.00014580917195416987
4309,0.9513614773750305
431,0.3256119191646576
4310,5.9540172514971346e-05
4311,0.9426716566085815
4312,7.889390690252185e-05
4313,0.00022900704061612487
4314,0.9999998807907104
4315,0.9851212501525879
4316,0.01011215802282095
4317,0.3620315194129944
4318,9.31240720092319e-08
4319,0.008525962010025978
432,0.8592517971992493
4320,0.999835729598999
4321,0.010839247144758701
4322,0.009636209346354008
4323,0.8365116119384766
4324,0.3244202733039856
4325,0.9943479895591736
4326,0.00040506129153072834
4327,0.9998032450675964
4328,0.006053656339645386
4329,2.899988658100483e-07
433,0.9023919701576233
4330,0.9999685287475586
4331,0.28404828906059265
4332,1.313858746243568e-07
4333,0.9147934913635254
4334,0.2246796041727066
4335,0.9816297292709351
4336,0.9994210004806519
4337,0.08595018833875656
4338,0.7615308165550232
4339,3.135673694032448e-07
434,0.7239140272140503
4340,0.41949641704559326
4341,0.6386268734931946
4342,0.9942540526390076
4343,0.00010031631973106414
4344,0.438466876745224
4345,0.0006463590543717146
4346,0.5934450626373291
4347,0.9859456419944763
4348,9.880181460175663e-05
4349,0.001677426160313189
435,0.809640109539032
4350,0.990597665309906
4351,0.9767061471939087
4352,0.998976469039917
4353,4.30983018304687e-05
4354,0.6231814622879028
4355,4.9758721587522814e-08
4356,0.0039549036882817745
4357,0.0018890638602897525
4358,0.9996556043624878
4359,1.9449540559435263e-05
436,0.9999340772628784
4360,0.3133014142513275
4361,0.00011828678543679416
4362,1.0
4363,7.603952781209955e-06
4364,1.4000666851643473e-05
4365,6.986586527091276e-07
4366,0.0007685503805987537
4367,0.9999639987945557
4368,0.9806898236274719
4369,0.9961526989936829
437,0.0003790590271819383
4370,0.4158560335636139
4371,0.8559726476669312
4372,1.1584650565055199e-05
4373,1.2618770597327966e-05
4374,1.6856489815086917e-10
4375,0.01041373796761036
4376,6.789791768824216e-06
4377,4.3078543967567384e-06
4378,0.4607582092285156
4379,4.2777526687132195e-05
438,0.9868870377540588
4380,0.21080102026462555
4381,0.9874526858329773
4382,0.9958177208900452
4383,0.9933699369430542
4384,0.5789566040039062
4385,0.006251485552638769
4386,0.0021385347936302423
4387,5.821773356728954e-06
4388,0.9431337714195251
4389,0.9882296323776245
439,0.9560375213623047
4390,0.7211426496505737
4391,0.9862399697303772
4392,0.015454328618943691
4393,0.9948086142539978
4394,0.04275460168719292
4395,0.9993903636932373
4396,0.0006615722668357193
4397,0.8054914474487305
4398,0.41370177268981934
4399,0.9997827410697937
44,0.22173571586608887
440,0.995821475982666
4400,0.7895018458366394
4401,0.986684262752533
4402,0.00011823558452306315
4403,0.02380474843084812
4404,0.99998939037323
4405,0.9999873638153076
4406,0.9737004041671753
4407,0.8468078374862671
4408,0.9987131357192993
4409,0.1740897297859192
441,9.310613791058131e-08
4410,0.9981935620307922
4411,0.911880373954773
4412,1.0600973610053188e-06
4413,0.9999347925186157
4414,3.4180578722953214e-07
4415,0.851146399974823
4416,0.983763575553894
4417,0.9999995231628418
4418,0.006719901226460934
4419,0.005620643962174654
442,0.0002797078341245651
4420,0.9999834299087524
4421,0.9821568131446838
4422,0.7624943256378174
4423,0.9994164705276489
4424,0.9967060685157776
4425,6.52835369692184e-05
4426,0.9998099207878113
4427,0.9133445024490356
4428,0.37661537528038025
4429,0.9991723299026489
443,0.41394177079200745
4430,0.9999414682388306
4431,8.985267777461559e-05
4432,0.999931812286377
4433,0.006721167359501123
4434,0.999990701675415
4435,1.4095554661253118e-06
4436,0.9995126724243164
4437,0.668025016784668
4438,0.021059395745396614
4439,0.9699814319610596
444,0.2924840450286865
4440,5.34478795088944e-06
4441,0.11267519742250443
4442,6.750941472510874e-10
4443,0.003997826017439365
4444,0.007620759773999453
4445,0.010876857675611973
4446,3.982470298069529e-05
4447,0.9986170530319214
4448,0.009541942737996578
4449,0.00012912132660858333
445,0.018775885924696922
4450,0.0010855752043426037
4451,0.990139365196228
4452,0.003413659520447254
4453,0.12356330454349518
4454,1.7339381884085014e-05
4455,5.487121157443653e-08
4456,0.000944686122238636
4457,0.9999949932098389
4458,0.8827415108680725
4459,2.483685479504061e-09
446,0.9890077114105225
4460,0.0005866739666089416
4461,0.004525139927864075
4462,0.0002839340013451874
4463,0.003222211729735136
4464,0.9956257343292236
4465,0.9943270087242126
4466,0.04976983740925789
4467,0.8788342475891113
4468,0.6335554718971252
4469,0.9235852360725403
447,5.23020617038128e-06
4470,0.004642506595700979
4471,0.9074954986572266
4472,0.003487859619781375
4473,0.9973410964012146
4474,1.6986192576950998e-06
4475,0.0013892058050259948
4476,0.0031911616679280996
4477,0.00023447316198144108
4478,0.9919899106025696
4479,0.4423089921474457
448,1.7826500879891682e-06
4480,0.18095095455646515
4481,0.0003029309445992112
4482,1.8393551727058366e-05
4483,0.994350016117096
4484,0.9986948370933533
4485,0.0024731101002544165
4486,0.9831816554069519
4487,9.52587288338691e-05
4488,0.005751732271164656
4489,1.0703780972676213e-08
449,0.05951879918575287
4490,0.8064382076263428
4491,0.9775069952011108
4492,0.9996726512908936
4493,9.738453172758454e-07
4494,0.9990203380584717
4495,0.00630150968208909
4496,0.8353869915008545
4497,0.8060522675514221
4498,0.9999866485595703
4499,0.00032303525949828327
45,0.0005898192757740617
450,0.9998846054077148
4500,0.0006105233333073556
4501,0.345031201839447
4502,0.8221015334129333
4503,0.015381356701254845
4504,7.594483375505945e-11
4505,0.32502105832099915
4506,0.07583668828010559
4507,0.00014304420619737357
4508,0.00010316162661183625
4509,0.9271462559700012
451,5.33292476845304e-09
4510,0.00025086416280828416
4511,0.9685940146446228
4512,0.002044075634330511
4513,5.427928662093962e-10
4514,0.1172407791018486
4515,0.9651385545730591
4516,0.010358097963035107
4517,2.405021859885892e-06
4518,0.003326026489958167
4519,3.0464378141914494e-05
452,0.0014160163700580597
4520,0.993181049823761
4521,0.0006924961344338953
4522,0.002093771705403924
4523,0.012715678662061691
4524,7.843632687798419e-11
4525,0.00010581046808511019
4526,0.000771772232837975
4527,0.8248448967933655
4528,0.8425245881080627
4529,8.462987949320322e-11
453,0.9227960109710693
4530,0.000653498456813395
4531,0.9976940751075745
4532,0.006140714045614004
4533,6.833751103840768e-05
4534,4.128242835577112e-06
4535,0.003791018156334758
4536,7.069385173963383e-05
4537,0.9896053075790405
4538,0.050646282732486725
4539,0.996946394443512
454,4.210263341519749e-06
4540,0.0232863612473011
4541,0.9578554630279541
4542,0.8013430237770081
4543,0.002202240051701665
4544,0.044481463730335236
4545,3.8362841223715805e-06
4546,0.7154187560081482
4547,0.9951440095901489
4548,0.9992756247520447
4549,7.384273430943722e-06
455,0.09823795408010483
4550,1.0529000974202063e-05
4551,0.9412892460823059
4552,0.0002099135163007304
4553,7.710345926170703e-06
4554,0.9999713897705078
4555,1.9987692212453112e-07
4556,2.7559197146587167e-09
4557,1.1768859167204937e-06
4558,0.04083189368247986
4559,0.9999591112136841
456,0.7468785047531128
4560,4.0608902054373175e-05
4561,0.00795846339315176
4562,0.9999464750289917
4563,0.00794102530926466
4564,0.9992077946662903
4565,0.0006241061491891742
4566,0.9905508756637573
4567,0.706145167350769
4568,0.0006323411362245679
4569,0.00017004660912789404
457,0.69283527135849
4570,0.9867995381355286
4571,0.9984440207481384
4572,9.509781375527382e-05
4573,0.9972055554389954
4574,0.976641833782196
4575,0.9189555048942566
4576,8.317316280148646e-11
4577,0.9997265934944153
4578,0.0005772163276560605
4579,3.608499499208051e-09
458,0.00035977555671706796
4580,0.8947999477386475
4581,0.2107713520526886
4582,0.0005572896916419268
4583,0.0017504732822999358
4584,1.0932581879716241e-12
4585,0.0027563024777919054
4586,0.3546982705593109
4587,1.712947664600506e-06
4588,0.9999967813491821
4589,1.704544592939783e-05
459,0.0003993828722741455
4590,0.9549052715301514
4591,1.412043676429775e-10
4592,1.4371454426509445e-06
4593,0.4580991268157959
4594,0.9717361927032471
4595,0.0005201484891586006
4596,0.9982017278671265
4597,7.558149377473455e-07
4598,0.9923406839370728
4599,0.9925726652145386
46,0.002142418408766389
460,0.512360155582428
4600,6.900042990309885e-06
4601,0.025847308337688446
4602,0.999972939491272
4603,0.9999594688415527
4604,3.739367093658075e-05
4605,0.19125495851039886
4606,0.9452569484710693
4607,0.015400557778775692
4608,1.2142558034611284e-06
4609,0.00023846871044952422
461,0.9870944619178772
4610,2.5260140645855245e-09
4611,0.9882298707962036
4612,4.080731741851196e-05
4613,0.02038172446191311
4614,0.028316769748926163
4615,0.7530670166015625
4616,0.9070202708244324
4617,0.4542139172554016
4618,0.9994257688522339
4619,1.5191360944299959e-05
462,0.00029237629496492445
4620,0.3341744542121887
4621,0.003278933232650161
4622,0.9986956715583801
4623,0.07559840381145477
4624,0.017181498929858208
4625,0.22839166224002838
4626,0.9998366832733154
4627,0.9377495050430298
4628,0.9998114705085754
4629,2.6868106942856684e-05
463,0.003403176786378026
4630,0.9749211668968201
4631,0.01798715628683567
4632,2.0058757172619623e-12
4633,0.025411076843738556
4634,0.002327501308172941
4635,0.9638770222663879
4636,0.9912871718406677
4637,0.00620015524327755
4638,0.00046239944640547037
4639,0.36235311627388
464,0.02951814793050289
4640,0.9999992847442627
4641,0.00030779061489738524
4642,0.00031260630930773914
4643,0.996103048324585
4644,0.006073381751775742
4645,6.4376258706033695e-06
4646,0.0018821250414475799
4647,0.2966610789299011
4648,3.079457655985607e-06
4649,0.6602141261100769
465,3.6308192647993565e-06
4650,3.4871686693804804e-07
4651,0.9928674697875977
4652,0.967307448387146
4653,3.898202294294606e-07
4654,0.7065986394882202
4655,5.783737899012599e-16
4656,0.9839380383491516
4657,0.01628073677420616
4658,1.112323161578388e-06
4659,0.0001013811634038575
466,0.9999485015869141
4660,0.757125973701477
4661,5.393047786128591e-07
4662,2.1551208817527368e-08
4663,0.9951177835464478
4664,0.9605107307434082
4665,0.005048275459557772
4666,0.8403996825218201
4667,0.9999390840530396
4668,0.9999200105667114
4669,0.745440661907196
467,0.9722803235054016
4670,0.012551303021609783
4671,0.9990704655647278
4672,0.012853434309363365
4673,0.045206956565380096
4674,0.9505763053894043
4675,0.9995298385620117
4676,0.861714780330658
4677,0.9996830224990845
4678,0.0018451454816386104
4679,0.05055221915245056
468,8.845645993460494e-07
4680,3.034417659364408e-07
4681,8.013766637304798e-05
4682,6.635340099592213e-08
4683,8.140847057802603e-05
4684,0.9815580248832703
4685,0.09006534516811371
4686,0.0003190782736055553
4687,0.0013199602253735065
4688,0.011383116245269775
4689,0.7416608333587646
469,0.8073444366455078
4690,1.5690135500660016e-15
4691,0.9586659669876099
4692,7.668480433986602e-12
4693,0.9862371683120728
4694,2.315074198122602e-06
4695,0.0016763483872637153
4696,2.429266351100523e-05
4697,1.5615290749337873e-07
4698,0.003975780680775642
4699,0.004157726187258959
47,0.0007845967775210738
470,0.0031092672143131495
4700,0.9895128607749939
4701,0.22134514153003693
4702,0.9722077250480652
4703,2.188997677876614e-05
4704,0.0005326787359081209
4705,5.108202822157182e-05
4706,2.157748895115219e-06
4707,0.013422980904579163
4708,0.10423113405704498
4709,0.9973854422569275
471,4.959951183991507e-05
4710,2.2389205696526915e-05
4711,0.9991689920425415
4712,1.129507836594712e-06
4713,0.9192838072776794
4714,0.7261747717857361
4715,0.9729592800140381
4716,0.023793477565050125
4717,0.02258722111582756
4718,0.9986737966537476
4719,0.0012814829824492335
472,0.7318964600563049
4720,0.9999790191650391
4721,0.027431409806013107
4722,5.511828362614324e-07
4723,0.7498466372489929
4724,0.993790328502655
4725,0.013801023364067078
4726,0.999372661113739
4727,0.01526634581387043
4728,0.0007878607721067965
4729,0.9842542409896851
473,0.999964714050293
4730,0.9014350771903992
4731,0.9667506217956543
4732,0.734649658203125
4733,0.9998359680175781
4734,0.03716770187020302
4735,0.00011825780529761687
4736,0.00014841572556179017
4737,0.9999778270721436
4738,0.5266028642654419
4739,0.12277720123529434
474,0.9299007654190063
4740,0.0007026700768619776
4741,6.28761995358218e-07
4742,5.215425744609092e-07
4743,0.7295293211936951
4744,0.8250428438186646
4745,0.46346354484558105
4746,0.8674710988998413
4747,0.0048723784275352955
4748,0.01060648262500763
4749,0.987659752368927
475,0.9556866884231567
4750,0.9879757761955261
4751,2.4482629669364542e-05
4752,1.7243881984541076e-06
4753,0.8116012215614319
4754,0.001995216589421034
4755,0.9443334937095642
4756,0.009814162738621235
4757,0.8986652493476868
4758,8.291071301735897e-11
4759,0.6418020129203796
476,0.29221901297569275
4760,1.1610512729021139e-06
4761,6.196636519878451e-12
4762,5.6696838335312805e-09
4763,0.9963979721069336
4764,2.7158301236340776e-05
4765,0.9999994039535522
4766,0.0001670947967795655
4767,0.9965643286705017
4768,0.0011413856409490108
4769,0.0001136675346060656
477,4.567435462377034e-05
4770,0.09044267982244492
4771,0.9997357726097107
4772,0.9993427395820618
4773,0.9989602565765381
4774,0.9801748394966125
4775,0.11691679060459137
4776,0.19359718263149261
4777,0.00041607741150073707
4778,0.9959428906440735
4779,1.0285776852470008e-06
478,0.015337037853896618
4780,0.5393619537353516
4781,2.119559758284595e-05
4782,0.9999998807907104
4783,0.9999949932098389
4784,0.9973168969154358
4785,0.43214207887649536
4786,0.758506178855896
4787,0.9992949962615967
4788,0.9949807524681091
4789,0.17507807910442352
479,0.9999343156814575
4790,0.9999884366989136
4791,0.9691498279571533
4792,0.22662007808685303
4793,0.0007067290716804564
4794,0.9461064338684082
4795,0.9992654919624329
4796,9.687694557669602e-08
4797,0.9697485566139221
4798,0.1823720484972
4799,0.9999878406524658
48,0.41721054911613464
480,0.9999790191650391
4800,0.8872942924499512
4801,0.9536975026130676
4802,0.9975239634513855
4803,0.00022451396216638386
4804,0.9953384399414062
4805,0.9912163019180298
4806,0.000640189740806818
4807,0.9287634491920471
4808,0.9986721277236938
4809,5.481755579239689e-05
481,0.9996635913848877
4810,9.389366795176102e-08
4811,1.5112348592083436e-05
4812,0.9999704360961914
4813,3.7382676509878365e-08
4814,0.44025102257728577
4815,0.9185869097709656
4816,0.993767261505127
4817,0.8970301747322083
4818,0.9708390831947327
4819,0.00022254341456573457
482,0.9958215951919556
4820,0.999805748462677
4821,0.0020414215978235006
4822,0.9703773856163025
4823,0.9974170923233032
4824,0.9940726161003113
4825,0.9994162321090698
4826,0.9999719858169556
4827,0.008986719883978367
4828,0.6770797371864319
4829,0.051489025354385376
483,0.9991891980171204
4830,0.8240864872932434
4831,7.630458185303723e-07
4832,0.1734546720981598
4833,0.6764522194862366
4834,0.9970404505729675
4835,0.10141516476869583
4836,0.14120645821094513
4837,7.141716650949093e-06
4838,0.5928664803504944
4839,1.5036373952170834e-05
484,0.007982155308127403
4840,1.0
4841,0.9942875504493713
4842,3.20078652293887e-05
4843,0.817133367061615
4844,3.0531016363966046e-06
4845,0.00447040842846036
4846,0.5505790710449219
4847,0.9901207685470581
4848,3.107914778865961e-07
4849,6.005619752613711e-07
485,0.9391009211540222
4850,0.9988962411880493
4851,0.0067198914475739
4852,0.9998420476913452
4853,0.984459638595581
4854,0.8761257529258728
4855,0.020334260538220406
4856,0.6281266808509827
4857,0.9625551104545593
4858,0.9998682737350464
4859,4.5795586629537866e-06
486,0.9999802112579346
4860,0.00841392483562231
4861,0.977814257144928
4862,0.00011034169438062236
4863,0.010312572121620178
4864,0.5834107398986816
4865,0.8602833151817322
4866,0.6619109511375427
4867,0.999529242515564
4868,0.11704225093126297
4869,9.324311989189482e-09
487,0.835004985332489
4870,0.9795280694961548
4871,0.9983397722244263
4872,0.2730954587459564
4873,0.966478705406189
4874,0.999933123588562
4875,0.5644935369491577
4876,0.7172238230705261
4877,6.152247600255123e-09
4878,4.030094260087935e-06
4879,0.9497350454330444
488,0.002163595985621214
4880,0.2477128952741623
4881,0.00085169862722978
4882,4.7222516695588634e-12
4883,0.010792527347803116
4884,0.0003344870638102293
4885,0.023625535890460014
4886,4.497150207782852e-09
4887,0.6823331713676453
4888,0.5409655570983887
4889,0.0020890843588858843
489,0.19881564378738403
4890,0.8562710881233215
4891,0.9999485015869141
4892,0.00027265664539299905
4893,2.1198913600528613e-05
4894,0.00015037455887068063
4895,0.9818015694618225
4896,0.03953193500638008
4897,0.9866418838500977
4898,2.5566944259480806e-06
4899,0.00032747749355621636
49,0.000277247978374362
490,0.9991963505744934
4900,0.0023076008073985577
4901,0.03241847828030586
4902,0.0017654038965702057
4903,0.051328565925359726
4904,0.0006050503579899669
4905,0.012146198190748692
4906,0.3211669325828552
4907,4.2482597301107816e-13
4908,0.23365795612335205
4909,0.06427405029535294
491,0.3454137444496155
4910,0.03662519156932831
4911,0.9993689656257629
4912,0.003803594270721078
4913,0.9668043851852417
4914,0.5953388810157776
4915,0.9999994039535522
4916,5.090003529772957e-09
4917,0.03391726687550545
4918,0.9766013622283936
4919,0.8829699158668518
492,0.9975916147232056
4920,1.929318023030646e-05
4921,4.0912532028869464e-08
4922,1.0539030065315202e-10
4923,0.0004720892757177353
4924,6.048837349226233e-06
4925,6.680662778535407e-08
4926,0.8964375257492065
4927,0.9722700715065002
4928,0.00019628032168839127
4929,0.9999886751174927
493,9.944382206583668e-09
4930,0.0025818198919296265
4931,0.9928230047225952
4932,0.09527800977230072
4933,2.139475618889719e-08
4934,0.0043218303471803665
4935,0.9930383563041687
4936,1.6922222130233422e-05
4937,0.9988163709640503
4938,0.9998335838317871
4939,0.9299221038818359
494,3.725768138451713e-08
4940,0.9297998547554016
4941,0.6087114214897156
4942,0.06979399919509888
4943,1.041350515151862e-06
4944,0.6653235554695129
4945,0.01761733368039131
4946,0.8936285376548767
4947,0.06982865184545517
4948,0.4116412401199341
4949,0.0494353324174881
495,0.9414653778076172
4950,0.06032077595591545
4951,0.0029941964894533157
4952,0.8098347187042236
4953,0.9411047697067261
4954,0.985243558883667
4955,0.2905547022819519
4956,0.8334929347038269
4957,3.2870868249545993e-09
4958,0.0005913414061069489
4959,5.383035683870219e-11
496,0.655246913433075
4960,0.36268290877342224
4961,9.32860260149937e-08
4962,0.9970290064811707
4963,0.9999507665634155
4964,0.35987767577171326
4965,0.013562902808189392
4966,0.9697614312171936
4967,0.02335437759757042
4968,0.001001001219265163
4969,0.0007050755666568875
497,0.8573108911514282
4970,2.9321634897883087e-08
4971,0.9931880235671997
4972,5.451028073366615e-07
4973,0.9299008846282959
4974,0.003900370793417096
4975,2.0521640180959366e-05
4976,0.007446546573191881
4977,0.7195807695388794
4978,4.6284301902232983e-07
4979,0.9547514915466309
498,0.22279579937458038
4980,0.9520503282546997
4981,5.443251325232268e-07
4982,0.9860386252403259
4983,0.006863384507596493
4984,0.7697741389274597
4985,0.0004404930514283478
4986,0.9998615980148315
4987,3.1166609915089794e-06
4988,0.9998167157173157
4989,0.8960410356521606
499,0.9988355040550232
4990,0.01738409325480461
4991,9.847910860116826e-07
4992,0.7597164511680603
4993,3.9646943150728475e-06
4994,0.0003509066009428352
4995,3.107369047938846e-05
4996,0.1789577454328537
4997,0.028199821710586548
4998,0.00035527278669178486
4999,0.9909407496452332
5,0.006022268440574408
50,4.024844812988704e-08
500,0.18026666343212128
5000,0.18987438082695007
5001,0.8726617693901062
5002,0.0012336986837908626
5003,0.9971434473991394
5004,0.9988125562667847
5005,0.0032216650433838367
5006,2.7061045670961903e-07
5007,6.576286182280455e-08
5008,0.7869290709495544
5009,0.0026259778533130884
501,0.9991969466209412
5010,9.486087947152555e-06
5011,0.023759933188557625
5012,0.00017175616812892258
5013,0.003938613925129175
5014,0.9905279874801636
5015,0.9999779462814331
5016,0.0003760209947358817
5017,0.21447911858558655
5018,0.9762548208236694
5019,0.8559823036193848
502,5.055273907816904e-11
5020,0.9902073740959167
5021,0.9995212554931641
5022,0.9687510132789612
5023,0.046858906745910645
5024,0.9883741140365601
5025,0.0001247941836481914
5026,0.0016841079341247678
5027,0.13439935445785522
5028,8.910894422342608e-08
5029,0.9954568147659302
503,0.9974409341812134
5030,0.5153095126152039
5031,0.023174170404672623
5032,0.9471116662025452
5033,0.9980351328849792
5034,0.00177265633828938
5035,0.9928172826766968
5036,0.028908072039484978
5037,9.313633927376941e-05
5038,0.00019361246086191386
5039,0.9765892624855042
504,0.0015372525667771697
5040,0.02337491139769554
5041,0.9999814033508301
5042,0.9931858777999878
5043,0.005252462346106768
5044,3.675278776427149e-06
5045,0.8839267492294312
5046,0.9993550181388855
5047,0.028534097597002983
5048,0.9991520643234253
5049,0.9876012802124023
505,0.00019415575661696494
5050,0.9606841206550598
5051,0.5137678384780884
5052,0.9250752925872803
5053,7.725184332230128e-06
5054,0.0014944053255021572
5055,0.13272470235824585
5056,0.9112160205841064
5057,4.376600770683581e-08
5058,7.78259678924087e-10
5059,0.0010734765091910958
506,2.4480937099724542e-06
5060,0.967666745185852
5061,0.9338982105255127
5062,0.9763486385345459
5063,0.9867015480995178
5064,0.5327860116958618
5065,0.002378699602559209
5066,0.0004677558608818799
5067,0.9456548094749451
5068,0.9666847586631775
5069,0.5935320258140564
507,0.9999749660491943
5070,0.9999630451202393
5071,0.9993698000907898
5072,0.9952993392944336
5073,0.4755118489265442
5074,2.158891220460646e-06
5075,5.862049147253856e-05
5076,0.001574185793288052
5077,0.7737929224967957
5078,0.9018298983573914
5079,7.625253900522821e-11
508,0.9999841451644897
5080,0.9994606375694275
5081,0.9989084005355835
5082,4.272787634818087e-07
5083,5.562058813524118e-09
5084,0.0006324023706838489
5085,3.1730326099932427e-07
5086,0.4426066279411316
5087,0.2893710434436798
5088,6.410216801810975e-11
5089,0.998916506767273
509,0.597813069820404
5090,0.00017825106624513865
5091,0.003449962241575122
5092,0.33310163021087646
5093,0.6982822418212891
5094,0.03040243312716484
5095,0.027418039739131927
5096,0.8795700073242188
5097,0.02110440656542778
5098,0.12047740072011948
5099,0.014630230143666267
51,9.521131869405508e-05
510,0.4688701033592224
5100,0.9534686803817749
5101,0.9835355281829834
5102,8.106531623752744e-08
5103,0.012830046936869621
5104,0.8222833871841431
5105,1.0679595874307779e-08
5106,0.9267527461051941
5107,0.8497956395149231
5108,0.000666257634293288
5109,0.886522650718689
511,2.5799225866762754e-08
5110,0.39236578345298767
5111,0.9994885921478271
5112,3.450817587236088e-07
5113,4.036715779420774e-07
5114,0.005420035216957331
5115,0.8124717473983765
5116,0.19518570601940155
5117,0.004316671285778284
5118,0.9994327425956726
5119,3.61254393510535e-07
512,9.337218642713196e-08
5120,0.8540571331977844
5121,0.4311405420303345
5122,7.970446347371762e-08
5123,0.9997943043708801
5124,0.025740977376699448
5125,8.109779514597903e-08
5126,7.573561333629186e-07
5127,0.8604221343994141
5128,0.998909592628479
5129,0.007594433147460222
513,0.7786073088645935
5130,0.5545976161956787
5131,0.03248613327741623
5132,3.919258688256377e-06
5133,0.00024317350471392274
5134,0.032885223627090454
5135,0.0003845740866381675
5136,3.982555085713102e-07
5137,1.876894056840328e-10
5138,2.2238843655486562e-07
5139,0.12313941866159439
514,0.04087340459227562
5140,9.041297744261101e-05
5141,0.005108651705086231
5142,0.29471132159233093
5143,0.8894920349121094
5144,0.8921962976455688
5145,0.9999966621398926
5146,0.999015212059021
5147,0.009265325032174587
5148,0.9346144795417786
5149,0.00017295836005359888
515,0.9997338652610779
5150,0.9860025644302368
5151,0.0034497673623263836
5152,1.37149385182056e-08
5153,0.7266651391983032
5154,4.0673389776202384e-06
5155,0.9999974966049194
5156,0.9918891787528992
5157,0.7767909169197083
5158,0.9791841506958008
5159,0.8672634363174438
516,0.9691644906997681
5160,0.0036768524441868067
5161,6.268389540764474e-08
5162,0.998561680316925
5163,0.22342830896377563
5164,0.35065093636512756
5165,0.9577633738517761
5166,0.00025481177726760507
5167,0.18852782249450684
5168,0.8229498863220215
5169,0.00014948092575650662
517,0.9546387195587158
5170,0.09988294541835785
5171,0.9970194697380066
5172,0.9998047947883606
5173,0.9989689588546753
5174,0.9765551686286926
5175,0.09177840501070023
5176,0.9999988079071045
5177,0.9979214072227478
5178,1.2526770660770126e-05
5179,1.2831130602464214e-10
518,0.8997960686683655
5180,0.9996941089630127
5181,0.0031087910756468773
5182,2.0134109945502132e-05
5183,0.0005850439774803817
5184,0.09129349887371063
5185,0.7338228821754456
5186,3.598306193453027e-06
5187,0.999245285987854
5188,0.9999889135360718
5189,0.9837293028831482
519,5.279953541048599e-08
5190,0.000619832135271281
5191,0.9994043111801147
5192,1.7410229702363722e-06
5193,6.416528322006343e-06
5194,1.9872938992193667e-06
5195,3.44565205523395e-06
5196,0.0022391704842448235
5197,1.2083044111932395e-06
5198,0.9744393229484558
5199,0.11247407644987106
52,0.0052792951464653015
520,4.61722411273513e-05
5200,0.10651616007089615
5201,2.903245149354916e-05
5202,2.7494310415931977e-05
5203,0.9999536275863647
5204,0.38561034202575684
5205,0.0003855527611449361
5206,6.319314707070589e-05
5207,0.9992383718490601
5208,1.3373763207980005e-09
5209,0.020028006285429
521,0.5451206564903259
5210,0.040306322276592255
5211,9.866861994112242e-09
5212,0.31590956449508667
5213,9.009639585224553e-16
5214,9.562840205035172e-06
5215,0.6380234956741333
5216,0.11055294424295425
5217,0.7814438343048096
5218,0.20322878658771515
5219,0.960231602191925
522,0.07552661001682281
5220,0.9999328851699829
5221,8.483704732498154e-06
5222,0.9999709129333496
5223,7.080517389113083e-05
5224,0.9999994039535522
5225,0.021174903959035873
5226,0.9119939804077148
5227,4.203150183457183e-06
5228,0.711870014667511
5229,9.020035940920934e-05
523,0.9988150596618652
5230,0.00045633569243364036
5231,0.990116536617279
5232,0.0001442279462935403
5233,0.9988644123077393
5234,0.9794309735298157
5235,0.8229498267173767
5236,0.9994650483131409
5237,0.9999911785125732
5238,0.9224267601966858
5239,0.999995231628418
524,0.4772927761077881
5240,1.2084699108072527e-07
5241,0.9784579873085022
5242,0.6187480092048645
5243,0.9806337952613831
5244,0.9859043955802917
5245,2.614026470837416e-07
5246,0.9870442748069763
5247,1.0518496296185731e-08
5248,5.011423127143644e-05
5249,1.1420220289437566e-05
525,8.001924123313131e-10
5250,6.01993804139056e-07
5251,0.9910485744476318
5252,3.7344953518481105e-13
5253,0.5485084652900696
5254,3.0255927185862674e-07
5255,2.9084716516081244e-05
5256,0.9960359930992126
5257,1.793724663912144e-06
5258,0.9392850995063782
5259,0.03054049052298069
526,0.003162124427035451
5260,0.021947937086224556
5261,6.113799599916092e-08
5262,3.463280563664739e-06
5263,6.939175989373325e-08
5264,0.9999961853027344
5265,0.9994854927062988
5266,0.9733362793922424
5267,2.2323454686556943e-05
5268,0.9938639402389526
5269,3.87980580853764e-05
527,0.5330350995063782
5270,2.146436912653371e-07
5271,0.9388037919998169
5272,0.006455505732446909
5273,0.9999637603759766
5274,0.9977566599845886
5275,0.00011024893319699913
5276,0.13263142108917236
5277,3.445921902311966e-05
5278,0.0026596917305141687
5279,0.991912841796875
528,0.9876344799995422
5280,3.3831154269137187e-06
5281,0.24377739429473877
5282,9.073690421246283e-08
5283,0.09466652572154999
5284,3.627033265729551e-06
5285,0.00042752159060910344
5286,1.3833648115912922e-10
5287,6.046013134586303e-10
5288,0.9994186162948608
5289,0.2698735296726227
529,4.080992312083254e-06
5290,6.801861309213564e-05
5291,0.8616445660591125
5292,0.9170718193054199
5293,0.9627320766448975
5294,1.5729931419627974e-06
5295,0.00906862411648035
5296,1.7152542568510398e-06
5297,1.9505523596308194e-05
5298,0.9937833547592163
5299,0.9957440495491028
53,9.968338417820632e-06
530,0.026773562654852867
5300,0.8958382606506348
5301,0.8979543447494507
5302,0.999110758304596
5303,1.9837361975305612e-08
5304,0.06765060871839523
5305,0.9457338452339172
5306,0.9996127486228943
5307,0.9977512955665588
5308,0.028753068298101425
5309,2.9645727295246616e-07
531,0.9577193260192871
5310,0.027930427342653275
5311,0.8681586980819702
5312,1.748584423921784e-07
5313,0.01579713076353073
5314,0.06699539721012115
5315,0.9977299571037292
5316,0.002875286852940917
5317,0.9918894171714783
5318,0.9979950189590454
5319,0.004320335574448109
532,0.9778108596801758
5320,0.9712747931480408
5321,0.00021267839474603534
5322,0.998629093170166
5323,0.06618418544530869
5324,0.9728236794471741
5325,3.1570530723001866e-07
5326,0.8378610610961914
5327,0.9993162155151367
5328,0.9997296929359436
5329,0.0006454126560129225
533,0.0001371434045722708
5330,0.004501511808484793
5331,0.9537161588668823
5332,0.9996780157089233
5333,0.00010707710316637531
5334,2.384812070044262e-10
5335,1.4539622497977689e-05
5336,0.49182388186454773
5337,0.9994844198226929
5338,2.794472209188825e-07
5339,0.9999876022338867
534,0.2213919758796692
5340,0.9165875315666199
5341,0.9999996423721313
5342,1.49853254804988e-10
5343,0.0038194076623767614
5344,0.8774477243423462
5345,3.2505192848475417e-07
5346,0.027262665331363678
5347,0.7535669803619385
5348,0.08610554039478302
5349,0.2477795034646988
535,0.005987811833620071
5350,0.9999709129333496
5351,0.9998480081558228
5352,0.9908657670021057
5353,0.0018091679085046053
5354,0.010264866054058075
5355,1.649562909733504e-05
5356,2.5334229576401412e-06
5357,0.009747227653861046
5358,0.9999914169311523
5359,0.9915140271186829
536,1.8686801922740415e-05
5360,3.982256302492715e-09
5361,0.9987733960151672
5362,0.015425536781549454
5363,0.010817315429449081
5364,0.7900933027267456
5365,0.0012863489100709558
5366,0.9127877354621887
5367,0.9200336933135986
5368,0.0001891113060992211
5369,0.9997758269309998
537,2.3625392714166082e-05
5370,0.9990442395210266
5371,0.9863554835319519
5372,5.50113181816414e-05
5373,0.020003173500299454
5374,0.0056057521142065525
5375,0.9997743964195251
5376,0.030629727989435196
5377,0.9988850951194763
5378,0.00119525077752769
5379,0.0007050228305160999
538,7.94388427038939e-07
5380,0.9998904466629028
5381,0.9178767800331116
5382,0.5132932066917419
5383,0.9687252044677734
5384,8.444804552709684e-05
5385,0.3365517556667328
5386,0.0038531229365617037
5387,3.719752567121759e-05
5388,0.9875231385231018
5389,0.028013426810503006
539,0.038086194545030594
5390,0.9999998807907104
5391,1.8346087149456736e-10
5392,2.323340595467016e-05
5393,0.003286315593868494
5394,0.9999146461486816
5395,0.9150238037109375
5396,0.3184237480163574
5397,1.9636627879293655e-09
5398,8.37010391552262e-11
5399,0.9997187256813049
54,9.36846663535107e-06
540,0.7695850729942322
5400,0.8680893778800964
5401,0.00013354526890907437
5402,0.5768155455589294
5403,0.9662414789199829
5404,0.000111133667815011
5405,0.8015246391296387
5406,0.8795164227485657
5407,0.00013037236931268126
5408,0.009267198853194714
5409,0.9997408986091614
541,0.0010542696109041572
5410,0.24392224848270416
5411,0.9996975660324097
5412,0.003950109705328941
5413,0.9689104557037354
5414,0.39309003949165344
5415,0.0001737595594022423
5416,0.2996613681316376
5417,0.052430201321840286
5418,0.10014799982309341
5419,0.9774182438850403
542,0.9942066669464111
5420,0.9993590712547302
5421,0.9830098748207092
5422,0.9154571890830994
5423,4.008922405773774e-05
5424,0.0004204327124170959
5425,0.9938947558403015
5426,0.752852201461792
5427,0.00800394732505083
5428,0.8037523627281189
5429,0.005981866270303726
543,3.710850364768703e-07
5430,0.026798902079463005
5431,0.9958773851394653
5432,0.9554046988487244
5433,0.9413816928863525
5434,0.9956454038619995
5435,6.0340303207340185e-06
5436,0.6825249195098877
5437,0.9999998807907104
5438,2.5465652697675978e-08
5439,0.5168563723564148
544,0.005000725854188204
5440,0.6231891512870789
5441,0.9987685084342957
5442,0.9927082657814026
5443,0.9835379719734192
5444,0.9978669285774231
5445,0.004171367269009352
5446,0.9998512268066406
5447,0.7564675807952881
5448,0.0055501749739050865
5449,0.9960818886756897
545,0.9927793145179749
5450,0.9918811917304993
5451,0.23742033541202545
5452,0.0006896470440551639
5453,1.964870222082027e-08
5454,0.9999980926513672
5455,0.9994575381278992
5456,0.003064529737457633
5457,0.06993129849433899
5458,0.5294656157493591
5459,0.8976159691810608
546,2.273925492346507e-09
5460,0.3125966191291809
5461,0.005996094085276127
5462,0.035501644015312195
5463,0.9774029850959778
5464,0.9997068047523499
5465,0.9994427561759949
5466,0.002341165905818343
5467,0.9990405440330505
5468,0.9775885343551636
5469,0.9779372811317444
547,0.9362871646881104
5470,0.7997608780860901
5471,0.0004185761499684304
5472,4.1513862925057765e-06
5473,4.917465616927075e-07
5474,8.777913080848521e-07
5475,0.9988856911659241
5476,2.2138205167721026e-05
5477,0.023018715903162956
5478,0.9985190033912659
5479,0.9953775405883789
548,0.009045001119375229
5480,8.292739039461594e-06
5481,0.00801272876560688
5482,0.0002304473746335134
5483,7.863759492465761e-07
5484,0.01351949479430914
5485,0.7948529720306396
5486,1.9163773686159402e-05
5487,0.9999998807907104
5488,0.03896639123558998
5489,0.9960707426071167
549,0.9594438076019287
5490,0.9790401458740234
5491,0.9999960660934448
5492,0.5311142802238464
5493,0.9999597072601318
5494,0.9520149230957031
5495,0.9999711513519287
5496,0.8850268721580505
5497,0.00041668053017929196
5498,0.5135154724121094
5499,2.4615664528937486e-07
55,0.0033193377312272787
550,8.494936628267169e-05
5500,1.584718845037969e-08
5501,0.8754369020462036
5502,0.393151193857193
5503,0.8944909572601318
5504,0.12247638404369354
5505,0.9971590042114258
5506,0.3219872713088989
5507,0.9927523136138916
5508,0.9994553923606873
5509,0.7076530456542969
551,0.8011878132820129
5510,0.0001540783850941807
5511,0.8446024060249329
5512,0.004211782943457365
5513,0.9783715009689331
5514,0.1806066632270813
5515,0.8226208090782166
5516,0.994531512260437
5517,0.7504006624221802
5518,5.838656381290663e-13
5519,0.9798475503921509
552,0.9871401190757751
5520,0.9963403940200806
5521,0.9755144715309143
5522,0.9982172846794128
5523,0.0012158725876361132
5524,0.9999997615814209
5525,1.783461243576312e-06
5526,0.9969270825386047
5527,0.9993584752082825
5528,0.9999923706054688
5529,4.188033926766366e-05
553,0.9940987825393677
5530,0.14826269447803497
5531,0.9790853261947632
5532,0.9998729228973389
5533,0.004285749047994614
5534,0.9786504507064819
5535,0.0362708754837513
5536,0.9999985694885254
5537,0.0019902598578482866
5538,0.0002509394835215062
5539,0.9999827146530151
554,5.267226151772775e-05
5540,0.0005629518418572843
5541,0.00030482016154564917
5542,1.8892856132879388e-06
5543,0.7924164533615112
5544,3.1075435193844703e-12
5545,9.5454353754576e-08
5546,0.012265433557331562
5547,0.03327704221010208
5548,0.002864154288545251
5549,3.3690733359457428e-15
555,0.9999834299087524
5550,3.88817279599607e-05
5551,0.46897900104522705
5552,0.0010476664174348116
5553,0.9659096002578735
5554,0.2484910488128662
5555,0.04299303889274597
5556,0.8222833871841431
5557,1.544334935488223e-07
5558,0.31363794207572937
5559,0.0011450612219050527
556,0.0018090034136548638
5560,0.9581788778305054
5561,0.9870544075965881
5562,0.989443302154541
5563,1.4026347798790084e-06
5564,0.02730732597410679
5565,0.4787217974662781
5566,1.3434012089419411e-06
5567,0.9999984502792358
5568,0.8746147751808167
5569,0.7618313431739807
557,0.999987006187439
5570,0.325064480304718
5571,0.6868585348129272
5572,0.9977779984474182
5573,0.9999408721923828
5574,0.00046688594738952816
5575,0.7092781662940979
5576,0.00012648169649764895
5577,0.9999947547912598
5578,6.787599704694003e-05
5579,0.9916337728500366
558,0.9941564798355103
5580,0.9997580647468567
5581,0.1970357447862625
5582,9.938788707586355e-07
5583,0.0005660404567606747
5584,0.3176194727420807
5585,0.999911904335022
5586,0.9817935228347778
5587,0.9978189468383789
5588,0.08399815857410431
5589,0.09324269741773605
559,0.9999632835388184
5590,0.9122629165649414
5591,0.9907492995262146
5592,0.10794051736593246
5593,0.7299615144729614
5594,0.0030235829763114452
5595,5.189536409488937e-07
5596,0.9935181736946106
5597,0.9144913554191589
5598,8.031407196540385e-05
5599,2.175519426828032e-07
56,0.9912960529327393
560,0.9882127642631531
5600,0.9123684167861938
5601,0.8779776096343994
5602,0.9993016719818115
5603,0.9132760167121887
5604,0.025872936472296715
5605,9.100518582272343e-06
5606,0.00010579917579889297
5607,0.8966643810272217
5608,0.99733966588974
5609,0.0006516699795611203
561,6.510238017654046e-05
5610,0.9236304759979248
5611,4.381928374641575e-05
5612,3.059415221162709e-10
5613,0.9989669322967529
5614,0.7155026793479919
5615,0.002014014171436429
5616,0.38861140608787537
5617,0.0003109186654910445
5618,8.122641474983539e-07
5619,0.0013646816369146109
562,0.00038553730701096356
5620,0.005479019600898027
5621,1.2409103258836929e-11
5622,6.302057613538636e-07
5623,7.827247259228898e-07
5624,7.633340146639966e-07
5625,0.5199428796768188
5626,0.4542909264564514
5627,4.754109340865398e-06
5628,0.9999575614929199
5629,0.9958964586257935
563,0.047843366861343384
5630,0.9114489555358887
5631,0.9771520495414734
5632,0.8493484854698181
5633,0.8656054139137268
5634,0.9998488426208496
5635,0.20513056218624115
5636,0.037047456949949265
5637,0.001134843798354268
5638,0.009921268559992313
5639,0.005351442378014326
564,1.2479722499847412e-06
5640,8.21981529952609e-07
5641,0.07966046780347824
5642,0.00016916313325054944
5643,0.0006574014551006258
5644,0.8912410140037537
5645,1.1247094562349957e-06
5646,0.9565840363502502
5647,7.626879749977888e-08
5648,0.038885459303855896
5649,0.9997643828392029
565,0.9291999340057373
5650,0.9979321956634521
5651,0.9712954759597778
5652,5.331122210350259e-10
5653,0.9969580173492432
5654,0.8355693221092224
5655,0.9308865666389465
5656,0.35717886686325073
5657,0.24618569016456604
5658,0.8970038890838623
5659,0.21433065831661224
566,0.9893236756324768
5660,0.9801284670829773
5661,0.00016451078408863395
5662,0.9762267470359802
5663,5.994701696848681e-12
5664,0.00014259548333939165
5665,0.999972939491272
5666,7.966492603372899e-07
5667,0.9980903267860413
5668,3.108844975940883e-05
5669,2.714708898565732e-05
567,0.19947639107704163
5670,0.03990315645933151
5671,0.01146606169641018
5672,0.22159303724765778
5673,1.1129162885481492e-05
5674,0.000211496400879696
5675,0.9887462258338928
5676,0.02165176533162594
5677,0.9919454455375671
5678,3.029379356826405e-20
5679,8.097761905467848e-10
568,0.004087244626134634
5680,0.9956480860710144
5681,0.18854358792304993
5682,7.067243927849631e-07
5683,8.425226405961439e-05
5684,0.28426283597946167
5685,0.00025310085038654506
5686,0.4520840644836426
5687,8.685224020155147e-05
5688,0.9310092926025391
5689,0.8004063963890076
569,0.5078138113021851
5690,0.10864966362714767
5691,0.9999945163726807
5692,0.9672425389289856
5693,0.9940938353538513
5694,0.30124711990356445
5695,0.748328685760498
5696,0.0021023862063884735
5697,0.8984966278076172
5698,0.13468846678733826
5699,2.339526616879084e-08
57,0.9691190123558044
570,0.012827159836888313
5700,0.9999120235443115
5701,0.9976692795753479
5702,0.004936446435749531
5703,0.9390040040016174
5704,0.008308499120175838
5705,0.9638587236404419
5706,0.04283927008509636
5707,0.9874489307403564
5708,0.9496549367904663
5709,0.0022337480913847685
571,0.9947180151939392
5710,1.8923270545201376e-05
5711,0.0004451502754818648
5712,1.7332645541046077e-08
5713,8.410716567652798e-12
5714,3.5928267152485205e-06
5715,0.9835855960845947
5716,0.00019037285528611392
5717,0.9967502355575562
5718,1.072217582986923e-05
5719,1.1881465070473496e-05
572,0.920506477355957
5720,4.5270546252140775e-05
5721,0.9673511385917664
5722,0.0004286715411581099
5723,5.882836831005989e-07
5724,6.041707365511684e-07
5725,1.2595040743690333e-06
5726,0.00011322044883854687
5727,1.024990706355311e-05
5728,2.49200857069809e-05
5729,5.3772741921420675e-06
573,7.201838889159262e-05
5730,0.9946380257606506
5731,0.7477611899375916
5732,0.9999964237213135
5733,0.03249753266572952
5734,1.0878337889153045e-05
5735,0.9968178272247314
5736,5.917667778021496e-08
5737,0.595090925693512
5738,0.030567549169063568
5739,0.9978907704353333
574,0.9966689944267273
5740,0.9258050918579102
5741,0.09826076775789261
5742,0.999987006187439
5743,9.964466153178364e-05
5744,0.39471229910850525
5745,0.03463200479745865
5746,0.00016590204904787242
5747,0.5351136922836304
5748,0.9751532673835754
5749,0.00030689078266732395
575,0.006928033661097288
5750,2.5509791157674044e-05
5751,0.9968230724334717
5752,0.9993122816085815
5753,0.011723720468580723
5754,0.06277048587799072
5755,0.9326210021972656
5756,0.6836206316947937
5757,6.656527489212749e-07
5758,0.9880043864250183
5759,0.7038290500640869
576,8.597548003308475e-05
5760,0.0034621909726411104
5761,3.854938146474751e-09
5762,0.0013730067294090986
5763,0.25657889246940613
5764,1.3537132526053597e-10
5765,0.5864952206611633
5766,0.8553248047828674
5767,0.01385101955384016
5768,0.0022659816313534975
5769,3.444668195129452e-08
577,0.9871475100517273
5770,0.8713409900665283
5771,0.9999990463256836
5772,0.9518224000930786
5773,1.033594571708818e-06
5774,0.12256370484828949
5775,8.771812281338498e-05
5776,0.9837132692337036
5777,0.10729669779539108
5778,0.05079849064350128
5779,0.9893144369125366
578,0.6969887018203735
5780,0.7361598610877991
5781,0.013057922944426537
5782,0.9978429079055786
5783,0.5396303534507751
5784,0.9999912977218628
5785,0.0058746603317558765
5786,0.1682162880897522
5787,0.9973281621932983
5788,2.6835890821530484e-05
5789,0.9195155501365662
579,3.0144058200676227e-06
5790,0.0002990028297062963
5791,0.9076365232467651
5792,2.836952432971884e-07
5793,5.738858089898713e-05
5794,0.9919175505638123
5795,0.9973168969154358
5796,0.01980799064040184
5797,4.3507327518454986e-08
5798,0.9611126184463501
5799,0.9998036026954651
58,2.80137755908072e-05
580,0.99994957447052
5800,0.009919816628098488
5801,0.9983314871788025
5802,0.07233858108520508
5803,3.7633861211361364e-05
5804,0.924869179725647
5805,0.9973170161247253
5806,0.00011721986811608076
5807,0.9975705742835999
5808,0.9842048287391663
5809,0.982977032661438
581,0.9986209869384766
5810,0.9704042673110962
5811,0.012233966961503029
5812,0.9512096047401428
5813,0.03782765567302704
5814,1.2591301867814764e-07
5815,0.2306518405675888
5816,0.6354244351387024
5817,0.0003404341987334192
5818,1.8596516548896602e-09
5819,0.9992496371269226
582,0.9655869603157043
5820,0.9959518909454346
5821,0.9999580383300781
5822,0.004859487991780043
5823,0.00019260251428931952
5824,0.999997615814209
5825,0.016477013006806374
5826,0.9675189256668091
5827,0.9995157718658447
5828,0.8720468878746033
5829,0.2787439823150635
583,0.0003330113540869206
5830,0.2484307587146759
5831,0.9770868420600891
5832,0.98390793800354
5833,0.15457439422607422
5834,0.9480137825012207
5835,0.24757416546344757
5836,0.9999997615814209
5837,5.43806481800857e-06
5838,0.7578566670417786
5839,0.00022106051619630307
584,0.9439190030097961
5840,0.6107469201087952
5841,0.05013985186815262
5842,0.3221694231033325
5843,0.9937545657157898
5844,0.0007142999675124884
5845,0.9995052814483643
5846,7.535422241744527e-08
5847,0.0028390882071107626
5848,6.805352809058363e-11
5849,0.0022677979432046413
585,0.5567809343338013
5850,0.0016773190582171082
5851,5.9137623793503735e-06
5852,0.11340431123971939
5853,0.7194483876228333
5854,5.4370730140362866e-08
5855,0.6755512356758118
5856,0.009743748232722282
5857,0.9999998807907104
5858,0.9828466773033142
5859,1.6104445554887548e-09
586,0.19988451898097992
5860,0.9999923706054688
5861,2.548089696574607e-06
5862,0.8072713017463684
5863,0.009159802459180355
5864,0.6886186003684998
5865,0.0023020796943455935
5866,8.007473439874957e-08
5867,0.00041097644134424627
5868,3.379226654942613e-06
5869,0.9796597361564636
587,0.958859920501709
5870,0.000169148450368084
5871,4.7982513933675364e-05
5872,0.048754602670669556
5873,0.8781911134719849
5874,0.5184550285339355
5875,0.00024307542480528355
5876,0.1713193655014038
5877,0.7638739943504333
5878,0.935107409954071
5879,0.053494300693273544
588,0.00016901818162295967
5880,0.9999703168869019
5881,0.7183001041412354
5882,0.5962743163108826
5883,0.999941349029541
5884,0.9968787431716919
5885,2.53735697697266e-06
5886,0.20386984944343567
5887,0.01946946792304516
5888,0.00011272254050709307
5889,5.334889283403754e-05
589,0.8599182963371277
5890,0.9968589544296265
5891,2.4296670744661242e-05
5892,0.9998772144317627
5893,0.00027665545349009335
5894,2.0667965827669832e-07
5895,0.9821985363960266
5896,0.0006156930467113853
5897,7.798718434059992e-05
5898,0.09296876937150955
5899,0.004223458003252745
59,0.998408854007721
590,0.7345234155654907
5900,8.352637158315357e-12
5901,0.999998927116394
5902,0.5824466347694397
5903,6.536045304983418e-08
5904,0.9994636178016663
5905,0.9996601343154907
5906,0.22058092057704926
5907,0.9655246734619141
5908,0.994583785533905
5909,3.365236261743121e-05
591,0.9521152973175049
5910,0.04801727086305618
5911,0.9975013136863708
5912,0.002637385157868266
5913,0.0019030483672395349
5914,0.9442781209945679
5915,0.8289955854415894
5916,0.9999853372573853
5917,0.9996563196182251
5918,2.4507694051240092e-12
5919,0.998645007610321
592,0.0003284004342276603
5920,0.0015169978141784668
5921,0.0028587800916284323
5922,0.04915587604045868
5923,0.9415627121925354
5924,0.006014008074998856
5925,0.004477157257497311
5926,0.9984076619148254
5927,0.27618229389190674
5928,0.9999263286590576
5929,0.029543690383434296
593,0.9993624091148376
5930,0.999839186668396
5931,0.2578792870044708
5932,2.778776888590073e-07
5933,0.9058268666267395
5934,0.00018853895016945899
5935,0.9909546971321106
5936,0.992190420627594
5937,4.08124178647995e-05
5938,0.9033411145210266
5939,2.4840561607675227e-08
594,0.9970043301582336
5940,0.00014352909056469798
5941,0.07631183415651321
5942,0.0012022932060062885
5943,0.401375949382782
5944,0.1758880466222763
5945,0.015905257314443588
5946,0.004337251652032137
5947,1.2787610614850564e-07
5948,0.9998922348022461
5949,0.00010135024058399722
595,0.8723564147949219
5950,5.3281463685550534e-09
5951,0.9996826648712158
5952,0.000962434452958405
5953,2.319617806278984e-06
5954,0.3717387318611145
5955,0.9993979930877686
5956,0.8466721177101135
5957,0.05023821443319321
5958,0.817575216293335
5959,0.23541359603405
596,0.03092697262763977
5960,6.264014587031852e-07
5961,0.02224249206483364
5962,0.01704125851392746
5963,2.9156864911783487e-05
5964,0.11883601546287537
5965,0.9944936037063599
5966,0.007882100529968739
5967,0.0005942097050137818
5968,0.9986305236816406
5969,0.8688388466835022
597,9.030604269355536e-05
5970,0.9992637038230896
5971,0.10375725477933884
5972,0.9954352974891663
5973,0.9998996257781982
5974,4.94233154313406e-06
5975,0.9998489618301392
5976,0.5552685856819153
5977,4.0702419937588274e-05
5978,0.015266675502061844
5979,0.07180856913328171
598,0.4250290095806122
5980,3.65649102604948e-05
5981,4.661463208321948e-06
5982,1.5069448636495508e-05
5983,0.005631512030959129
5984,0.833290696144104
5985,0.0812259390950203
5986,0.0020410954020917416
5987,3.417705229935564e-08
5988,0.15105493366718292
5989,0.9941365718841553
599,2.0358430496969504e-09
5990,0.839460015296936
5991,0.6032589077949524
5992,0.8700951933860779
5993,0.6740038394927979
5994,0.0007066826219670475
5995,0.9912698268890381
5996,0.00459672138094902
5997,0.9999645948410034
5998,0.6396123170852661
5999,0.0002043425920419395
6,0.9857208728790283
60,0.0005641701282002032
600,0.7160508632659912
6000,0.9861235618591309
6001,0.33542972803115845
6002,1.0271787687088363e-06
6003,0.6713537573814392
6004,0.9968422651290894
6005,0.9410342574119568
6006,0.0001392178237438202
6007,0.9988634586334229
6008,2.2745354726794176e-05
6009,0.013831909745931625
601,0.961618185043335
6010,0.003129929769784212
6011,0.004183546639978886
6012,0.9499092698097229
6013,1.015168201237704e-12
6014,0.2675583064556122
6015,2.861721623048652e-05
6016,0.9976074695587158
6017,0.9925476908683777
6018,0.912172257900238
6019,0.9934778213500977
602,0.001305790152400732
6020,0.26366570591926575
6021,0.0001080870715668425
6022,0.040460679680109024
6023,0.9372590184211731
6024,2.100601506072053e-07
6025,0.990717351436615
6026,0.999954342842102
6027,0.204115092754364
6028,0.9406543970108032
6029,9.15834607440047e-06
603,5.561155376199167e-06
6030,0.48637059330940247
6031,1.1687640835589264e-05
6032,1.704414920311592e-08
6033,6.047661422212483e-14
6034,0.001435793936252594
6035,4.804469790542498e-05
6036,0.11356334388256073
6037,0.08320421725511551
6038,0.5903627872467041
6039,0.0820491835474968
604,0.007550667505711317
6040,0.9690964221954346
6041,0.9999812841415405
6042,0.13139306008815765
6043,4.39819268649444e-05
6044,3.5741195461014286e-06
6045,0.995442271232605
6046,0.9990236759185791
6047,0.974097490310669
6048,0.18065354228019714
6049,0.06791704148054123
605,9.918791329255328e-05
6050,1.196234507006011e-06
6051,0.9948084950447083
6052,0.042887505143880844
6053,0.15020610392093658
6054,0.12070111930370331
6055,0.9959431290626526
6056,3.1475883588427678e-06
6057,0.03693285584449768
6058,1.6866355534439492e-11
6059,4.808502467312792e-07
606,0.004302841145545244
6060,9.389963793182687e-07
6061,0.9959402084350586
6062,0.010491911321878433
6063,0.8975598812103271
6064,0.007558131590485573
6065,0.4080403745174408
6066,0.08465777337551117
6067,0.17963570356369019
6068,0.9999939203262329
6069,3.071027876444532e-09
607,0.9969362020492554
6070,0.9616546630859375
6071,8.616811101092026e-05
6072,0.9990679621696472
6073,0.9987221360206604
6074,0.0028578897472471
6075,0.8269368410110474
6076,1.6943811715464108e-05
6077,0.005400892347097397
6078,0.6302700042724609
6079,0.9740910530090332
608,0.21050676703453064
6080,0.9992200136184692
6081,0.9997667670249939
6082,0.7895646691322327
6083,6.275124064814008e-07
6084,0.9144080877304077
6085,0.9742110371589661
6086,0.9988906979560852
6087,0.963996171951294
6088,0.933576762676239
6089,0.9894715547561646
609,0.020118746906518936
6090,0.9190621972084045
6091,0.9681933522224426
6092,0.025010861456394196
6093,0.9953988194465637
6094,0.9950125813484192
6095,0.433718204498291
6096,0.0002583340392448008
6097,0.0012943495530635118
6098,0.8046945333480835
6099,0.007397991139441729
61,0.12763430178165436
610,0.9214603900909424
6100,8.421683560300153e-06
6101,2.3503471311414614e-06
6102,3.664684481918812e-05
6103,0.9897418022155762
6104,0.7976634502410889
6105,0.9999996423721313
6106,0.9999997615814209
6107,0.809367835521698
6108,0.9908485412597656
6109,0.0011590508511289954
611,0.8065268397331238
6110,0.5604373812675476
6111,0.025298485532402992
6112,0.8054695725440979
6113,0.9713411331176758
6114,4.490107130550314e-07
6115,5.702982548427826e-07
6116,0.9208774566650391
6117,0.7281795740127563
6118,0.000607429479714483
6119,0.014722401276230812
612,0.7631767392158508
6120,0.00017121966811828315
6121,0.9946373105049133
6122,0.8971251249313354
6123,4.843226975026482e-07
6124,0.0003880294971168041
6125,0.9960730075836182
6126,0.015594837255775928
6127,2.559861286499654e-06
6128,0.9754027724266052
6129,1.5121085198188666e-05
613,1.7878189737530192e-06
6130,0.00019830271776299924
6131,0.00021581046166829765
6132,9.841086239248398e-07
6133,0.15147866308689117
6134,0.9999964237213135
6135,3.236484857893629e-08
6136,0.8197373151779175
6137,0.988720715045929
6138,0.003760851686820388
6139,0.9861933588981628
614,0.0029251223895698786
6140,0.9714006185531616
6141,0.9842199683189392
6142,0.9999912977218628
6143,0.01612701267004013
6144,1.604130716259533e-06
6145,0.00027768712607212365
6146,0.9036839604377747
6147,0.012468338944017887
6148,0.9987779259681702
6149,2.0444285837584175e-05
615,6.101502094679745e-06
6150,0.01769218221306801
6151,0.767111599445343
6152,0.18963079154491425
6153,0.010819432325661182
6154,0.9985674619674683
6155,0.8761880993843079
6156,0.0010575387859717011
6157,0.9476021528244019
6158,2.1594121335510863e-06
6159,0.0009189331321977079
616,0.9474592208862305
6160,0.9991225600242615
6161,0.026440540328621864
6162,0.9989036321640015
6163,0.6293392777442932
6164,0.0006634139572270215
6165,0.36295902729034424
6166,0.0002010655152844265
6167,0.0007862860802561045
6168,0.003800939302891493
6169,0.990655243396759
617,0.8325011730194092
6170,0.0023820889182388783
6171,4.178981271252269e-06
6172,5.860578133898287e-10
6173,0.9975666999816895
6174,8.921521157390089e-07
6175,0.8788591027259827
6176,0.15128695964813232
6177,0.9856056571006775
6178,0.0015832011122256517
6179,0.999993085861206
618,0.0009856359101831913
6180,0.8318227529525757
6181,0.8194512128829956
6182,0.44081905484199524
6183,0.042354289442300797
6184,2.8664824640145525e-05
6185,8.443716126294021e-08
6186,8.558023546356708e-05
6187,0.9957078695297241
6188,0.8458110690116882
6189,0.0026006484404206276
619,0.024067671969532967
6190,2.9707882276852615e-05
6191,0.6873751282691956
6192,0.9972373247146606
6193,0.9999998807907104
6194,1.560503392283863e-06
6195,0.6777241826057434
6196,0.9194886684417725
6197,9.739195229485631e-05
6198,0.0027039239648729563
6199,0.9985339641571045
62,0.6593607664108276
620,0.9991616010665894
6200,0.9994325041770935
6201,0.4671480357646942
6202,1.4539374205924105e-05
6203,0.9898417592048645
6204,0.00014938773529138416
6205,0.6204200983047485
6206,0.9856380820274353
6207,0.9820494055747986
6208,0.979693591594696
6209,0.09561777114868164
621,3.5928267152485205e-06
6210,0.0008000549860298634
6211,0.36854371428489685
6212,0.0060582514852285385
6213,0.005011282861232758
6214,0.12093491852283478
6215,0.0012527914950624108
6216,0.001079095876775682
6217,0.9931080341339111
6218,2.0601157757482724e-07
6219,0.9999951124191284
622,7.0997893999447115e-06
6220,2.1555131297645858e-06
6221,0.9999986886978149
6222,0.9999958276748657
6223,0.9186784029006958
6224,0.7631835341453552
6225,0.0002525922318454832
6226,0.9964677095413208
6227,0.08709511905908585
6228,0.0002793573949020356
6229,0.9987574815750122
623,7.916242611827329e-05
6230,0.06924057006835938
6231,0.07841558009386063
6232,0.00012384487490635365
6233,0.0009354891953989863
6234,0.9775689244270325
6235,6.549611134687439e-05
6236,0.15745510160923004
6237,0.00035736747668124735
6238,1.4659529767868662e-07
6239,0.7209627032279968
624,2.389514702372253e-05
6240,0.0007574809715151787
6241,0.9988731741905212
6242,0.9992707371711731
6243,0.00030749820871278644
6244,0.9771520495414734
6245,0.9999994039535522
6246,0.7854974269866943
6247,1.4019566663137084e-07
6248,0.0002646359207574278
6249,0.8740706443786621
625,0.0012747790897265077
6250,0.07446549832820892
6251,0.015708163380622864
6252,0.00021097577700857073
6253,0.9999961853027344
6254,0.9847285151481628
6255,0.9998345375061035
6256,0.4934332072734833
6257,0.9490921497344971
6258,0.1718917042016983
6259,2.129251697624568e-05
626,0.9999673366546631
6260,0.9990383386611938
6261,0.48580729961395264
6262,3.759003448067233e-05
6263,6.18668636889197e-05
6264,0.9981856942176819
6265,0.9993991851806641
6266,0.003632676787674427
6267,8.215299749281257e-05
6268,0.10767810046672821
6269,0.24117641150951385
627,1.1578778185139527e-06
6270,1.0164111472477089e-06
6271,0.0010735696414485574
6272,2.984315919385416e-11
6273,0.9999692440032959
6274,0.000650840112939477
6275,5.4936979410058484e-08
6276,0.00026513548800721765
6277,0.9997431635856628
6278,9.889775355986785e-06
6279,0.004763045813888311
628,0.0014577500987797976
6280,0.8390092253684998
6281,0.00317594176158309
6282,0.00035643266164697707
6283,0.2135094553232193
6284,0.9993896484375
6285,0.9960688352584839
6286,6.81782330502756e-05
6287,0.38335180282592773
6288,0.190790057182312
6289,0.9169750809669495
629,0.40814489126205444
6290,0.9364767074584961
6291,4.3698513763956726e-05
6292,0.04342322051525116
6293,0.8939282298088074
6294,0.8833646178245544
6295,0.9997726082801819
6296,0.5832440257072449
6297,1.323200649494538e-06
6298,6.852838851045817e-05
6299,0.010133902542293072
63,0.34173494577407837
630,0.9997778534889221
6300,0.0055281189270317554
6301,0.8857834935188293
6302,0.8395316004753113
6303,0.0020283462945371866
6304,0.046716779470443726
6305,0.00015833518409635872
6306,0.24753515422344208
6307,0.9982112646102905
6308,0.0016766134649515152
6309,0.767930805683136
631,0.09308992326259613
6310,6.196918548084795e-05
6311,9.884290193440393e-05
6312,0.09730421751737595
6313,0.9990481734275818
6314,0.0006390760536305606
6315,0.9992774128913879
6316,0.00020302433404140174
6317,0.9676147103309631
6318,0.9942343831062317
6319,0.9852755069732666
632,0.7667549848556519
6320,0.020024746656417847
6321,0.9998683929443359
6322,0.9841183423995972
6323,0.999810516834259
6324,5.168119514564751e-06
6325,0.881030797958374
6326,0.010135022923350334
6327,0.9999967813491821
6328,0.3710329234600067
6329,7.030661072349176e-05
633,0.9982719421386719
6330,0.0002476133522577584
6331,0.9966387748718262
6332,0.9999914169311523
6333,7.544960681116208e-05
6334,0.0025126917753368616
6335,0.006682910956442356
6336,7.291617865057276e-10
6337,0.57057785987854
6338,8.825393160805106e-05
6339,0.051655132323503494
634,0.0007389223901554942
6340,0.9956717491149902
6341,0.9813706278800964
6342,0.999790370464325
6343,2.7744397812057287e-05
6344,0.027179311960935593
6345,0.9503043293952942
6346,4.168727627984481e-06
6347,0.3366803228855133
6348,2.7409969334257767e-06
6349,0.9936809539794922
635,0.3282277584075928
6350,0.000240600886172615
6351,0.9991087317466736
6352,1.1589313544391189e-05
6353,0.7604514360427856
6354,0.7943583726882935
6355,0.4495076835155487
6356,0.6065936088562012
6357,0.011711097322404385
6358,0.06687356531620026
6359,0.15617258846759796
636,0.9999769926071167
6360,0.0010653806384652853
6361,0.9469819664955139
6362,6.30696987968804e-08
6363,0.9780709147453308
6364,2.7523014249630773e-12
6365,0.7743222117424011
6366,0.9693465828895569
6367,0.36544060707092285
6368,0.9980016350746155
6369,0.000618619320448488
637,0.9744617342948914
6370,0.05522437393665314
6371,0.0008023882983252406
6372,1.0832494581336505e-06
6373,0.9998455047607422
6374,0.028534075245261192
6375,0.017010485753417015
6376,4.931182198686379e-12
6377,0.998875081539154
6378,0.0703505277633667
6379,0.9999583959579468
638,2.300691548384748e-08
6380,0.02889724262058735
6381,0.09702912718057632
6382,2.5737263058545068e-05
6383,7.968194495333591e-07
6384,0.9967966675758362
6385,0.9720936417579651
6386,0.00033029375481419265
6387,0.02379561774432659
6388,0.8051266670227051
6389,0.998274564743042
639,0.8216339945793152
6390,0.9836238622665405
6391,1.7095990756388346e-07
6392,4.026112208066479e-07
6393,0.48960500955581665
6394,0.9985325336456299
6395,0.00045838282676413655
6396,3.6444525903789327e-06
6397,0.9999858140945435
6398,0.9706337451934814
6399,0.9973751306533813
64,0.9457606077194214
640,0.0001665963645791635
6400,0.9957770109176636
6401,0.029558157548308372
6402,0.9897251129150391
6403,0.00031005250639282167
6404,0.9919981360435486
6405,2.1331800326152006e-08
6406,0.9938494563102722
6407,0.0032110156025737524
6408,1.0793178262247238e-05
6409,0.9992716908454895
641,0.6390886902809143
6410,8.305563596877619e-07
6411,4.3333002395229414e-05
6412,2.4285679955937667e-06
6413,0.9315968155860901
6414,5.1135351952780184e-08
6415,0.01226136740297079
6416,2.948456199192151e-07
6417,0.9827648997306824
6418,5.091502680443227e-05
6419,5.038195121515043e-12
642,0.044362325221300125
6420,0.9587363004684448
6421,0.9730762243270874
6422,0.904792308807373
6423,1.0641819890577775e-11
6424,0.02795645222067833
6425,0.0027217280585318804
6426,0.9878003597259521
6427,0.006675558630377054
6428,0.9998183846473694
6429,0.2320013791322708
643,0.9998800754547119
6430,6.483225067910325e-09
6431,0.9878760576248169
6432,0.9980762004852295
6433,0.7855377197265625
6434,0.0026670608203858137
6435,0.5164015889167786
6436,0.9992706179618835
6437,0.0001073791499948129
6438,0.9999904632568359
6439,0.9681402444839478
644,0.9707984328269958
6440,0.021639056503772736
6441,0.0030045572202652693
6442,0.9274325370788574
6443,0.33078113198280334
6444,1.980446029392624e-09
6445,0.002410241635516286
6446,2.761858377198223e-05
6447,0.9998779296875
6448,0.9991750121116638
6449,0.9477236270904541
645,0.024637585505843163
6450,0.994641900062561
6451,0.9839054942131042
6452,4.4806793653151544e-07
6453,0.6993523240089417
6454,0.5150020122528076
6455,0.0003881952434312552
6456,0.9185266494750977
6457,0.9996738433837891
6458,0.0027580501046031713
6459,0.00028060420299880207
646,0.9539158344268799
6460,0.9999990463256836
6461,0.8998019695281982
6462,0.9975542426109314
6463,0.036460600793361664
6464,0.9971778392791748
6465,2.5181751084346615e-07
6466,0.028455113992094994
6467,0.5989729762077332
6468,0.046502601355314255
6469,0.9999558925628662
647,0.005059016868472099
6470,4.946079656953373e-10
6471,0.9414443373680115
6472,8.781379960964841e-07
6473,0.2718390226364136
6474,0.005812575574964285
6475,0.0003798063553404063
6476,0.9999898672103882
6477,0.00019063496438320726
6478,0.9994538426399231
6479,0.04505465179681778
648,1.7503647598005045e-07
6480,0.8548869490623474
6481,0.00016880624752957374
6482,0.999873161315918
6483,0.8433970808982849
6484,0.9635117650032043
6485,0.9986265897750854
6486,0.478685200214386
6487,8.90379524207674e-05
6488,1.0111990604855237e-06
6489,0.06940463185310364
649,0.9998928308486938
6490,2.0407737721939156e-08
6491,0.999956488609314
6492,0.7977982759475708
6493,0.9654503464698792
6494,0.00013327250781003386
6495,2.07112079806393e-05
6496,0.00010012576240114868
6497,0.44769227504730225
6498,0.9890773296356201
6499,0.9597251415252686
65,0.998291552066803
650,0.7595447301864624
6500,0.8928497433662415
6501,0.6045275330543518
6502,0.9855586290359497
6503,0.9968311190605164
6504,0.7778711318969727
6505,0.5407925248146057
6506,0.9897880554199219
6507,7.239117257995531e-05
6508,0.14709913730621338
6509,0.9959267377853394
651,0.6174180507659912
6510,0.9982554316520691
6511,0.8311908841133118
6512,0.996614396572113
6513,0.9567219614982605
6514,1.3706147683478775e-06
6515,3.2622660910419654e-06
6516,0.9995651841163635
6517,0.45597589015960693
6518,0.0012853593798354268
6519,6.083857329031161e-08
652,0.9986178874969482
6520,0.00023087559384293854
6521,0.9932907819747925
6522,0.0047352248802781105
6523,0.05660814791917801
6524,0.9629309773445129
6525,0.937930166721344
6526,0.8472779989242554
6527,0.9955801367759705
6528,1.1544813787622843e-05
6529,2.7549902370083146e-05
653,0.00036676519084721804
6530,0.5899768471717834
6531,3.495368218864314e-05
6532,0.9997051358222961
6533,1.1798880223068409e-05
6534,1.0325975630109951e-08
6535,5.977685794272825e-13
6536,0.9998233914375305
6537,0.004814223852008581
6538,0.0006317486986517906
6539,0.9938905239105225
654,0.8785219192504883
6540,0.9999719858169556
6541,0.8071961402893066
6542,0.9899661540985107
6543,3.4414895822010294e-08
6544,0.9971802234649658
6545,0.9995556473731995
6546,0.9757848978042603
6547,0.0004642573185265064
6548,0.4636242985725403
6549,0.00696229562163353
655,0.9228586554527283
6550,0.3262280225753784
6551,0.9882729649543762
6552,0.6927335262298584
6553,0.00011021151294698939
6554,0.8810367584228516
6555,0.16589541733264923
6556,0.9765324592590332
6557,3.569930129287968e-09
6558,0.22382663190364838
6559,0.16656433045864105
656,0.4751427173614502
6560,0.7537005543708801
6561,0.001390516059473157
6562,0.0004418780154082924
6563,0.012918276712298393
6564,0.9978464841842651
6565,8.565043572161812e-07
6566,0.9977114200592041
6567,0.9997047781944275
6568,3.0676499591208994e-05
6569,0.9997406601905823
657,0.999776303768158
6570,0.0004321743326727301
6571,2.186914885293767e-11
6572,0.9631761312484741
6573,0.9999951124191284
6574,0.8604148626327515
6575,2.564315426667463e-09
6576,0.00011573003575904295
6577,0.9999434947967529
6578,0.001040258095599711
6579,0.0041264016181230545
658,0.002589294221252203
6580,1.800411155272741e-05
6581,1.2626031775653246e-06
6582,0.1781521588563919
6583,0.9967425465583801
6584,9.602153113519307e-06
6585,0.8782702684402466
6586,0.9999964237213135
6587,0.00036091916263103485
6588,0.9894415140151978
6589,0.012675442732870579
659,0.00419279420748353
6590,0.35459303855895996
6591,0.36743390560150146
6592,0.03636958822607994
6593,0.9276338815689087
6594,1.8965087633660005e-07
6595,7.729919815346875e-09
6596,0.9999998807907104
6597,2.5832869141595438e-05
6598,1.624166969804719e-07
6599,0.30475133657455444
66,0.7782796621322632
660,0.019192786887288094
6600,0.9957721829414368
6601,0.47170302271842957
6602,0.0389912873506546
6603,1.4814901527770985e-09
6604,1.5605388398398645e-05
6605,4.8140407216124e-07
6606,0.9975232481956482
6607,0.9950965046882629
6608,0.9998170733451843
6609,0.8207067847251892
661,0.996263325214386
6610,0.9999563694000244
6611,0.9951906204223633
6612,0.13632802665233612
6613,1.7563391452313226e-07
6614,0.049675460904836655
6615,0.9996618032455444
6616,1.299418954658904e-07
6617,4.5494209189200774e-05
6618,0.7194010019302368
6619,0.002523809438571334
662,0.8352581858634949
6620,0.4104751944541931
6621,0.9594423770904541
6622,0.9994686245918274
6623,0.002235730877146125
6624,1.8323835320188664e-05
6625,0.9024225473403931
6626,0.9999302625656128
6627,0.9669528603553772
6628,0.9996789693832397
6629,0.8308947682380676
663,1.169702983361276e-07
6630,7.573070206490229e-07
6631,0.0001417684688931331
6632,0.14320044219493866
6633,0.9979745745658875
6634,1.8940555719382246e-06
6635,0.6461004018783569
6636,0.9927507638931274
6637,0.9957455992698669
6638,0.0009483456378802657
6639,0.0001955338811967522
664,0.8572041392326355
6640,0.9952710270881653
6641,0.6765056252479553
6642,3.012848281969127e-08
6643,0.8886014223098755
6644,0.030792294070124626
6645,1.4937306787032867e-06
6646,0.9952687621116638
6647,0.9939863681793213
6648,0.6470469832420349
6649,0.9981011748313904
665,9.083489089789509e-07
6650,0.9994946718215942
6651,0.992393970489502
6652,0.9960930943489075
6653,0.985927939414978
6654,0.0010108733549714088
6655,0.000375281844753772
6656,0.9828640222549438
6657,1.7365890016662888e-05
6658,0.9992096424102783
6659,0.28336066007614136
666,0.9071040749549866
6660,0.00041303387843072414
6661,0.9171229600906372
6662,4.35060246672947e-06
6663,0.9994712471961975
6664,0.330560564994812
6665,0.9928187727928162
6666,0.93755704164505
6667,1.0093000128108542e-05
6668,0.9999643564224243
6669,6.520814110899664e-09
667,0.6729558110237122
6670,0.9999186992645264
6671,0.9998114705085754
6672,0.00011329108383506536
6673,1.0450264653627528e-06
6674,0.9971862435340881
6675,0.6252842545509338
6676,0.7052478194236755
6677,1.87595028400267e-09
6678,1.4028701400548016e-07
6679,0.9997231364250183
668,0.9665578007698059
6680,2.718278847169131e-05
6681,0.002060766564682126
6682,1.2383876310195774e-05
6683,5.86722741502399e-08
6684,0.29737788438796997
6685,0.9577045440673828
6686,0.025767164304852486
6687,3.5741195461014286e-06
6688,0.004149865824729204
6689,0.9913737177848816
669,0.9996267557144165
6690,0.003762023989111185
6691,1.3170075874313625e-07
6692,6.660928193014115e-05
6693,1.3865599335360912e-08
6694,0.006442239973694086
6695,0.8153303861618042
6696,0.15572351217269897
6697,5.046898877480999e-06
6698,0.0032100602984428406
6699,0.9684006571769714
67,0.22684146463871002
670,0.9899876713752747
6700,0.002779920119792223
6701,0.8774430155754089
6702,0.007334410212934017
6703,0.9993578791618347
6704,0.9920281767845154
6705,5.847565989824943e-05
6706,1.3810207519782125e-06
6707,0.9863547682762146
6708,1.0
6709,0.6931236982345581
671,4.23129131377209e-06
6710,0.9940020442008972
6711,0.4123946726322174
6712,0.9778895974159241
6713,1.6988607853818394e-07
6714,2.0471381958486745e-06
6715,0.5738528966903687
6716,0.907526433467865
6717,3.356027278300644e-08
6718,0.950615406036377
6719,0.9610627293586731
672,0.011922895908355713
6720,0.23005618155002594
6721,0.9999741315841675
6722,0.9946780204772949
6723,1.2532137816378963e-06
6724,0.20721647143363953
6725,0.9990566372871399
6726,0.9941101670265198
6727,0.047113604843616486
6728,0.9714899659156799
6729,0.9999849796295166
673,0.016779068857431412
6730,6.996015312205062e-12
6731,0.026608705520629883
6732,0.9998281002044678
6733,0.016225971281528473
6734,0.9506862163543701
6735,0.00016043410869315267
6736,4.383334442081832e-07
6737,0.984067976474762
6738,0.9983121156692505
6739,1.0370586522867598e-07
674,0.00034708098974078894
6740,0.9911991953849792
6741,0.003387321252375841
6742,0.9983304142951965
6743,0.31825992465019226
6744,7.211680349428207e-05
6745,0.6949788928031921
6746,1.0797591585287591e-06
6747,0.12428184598684311
6748,0.0069187358021736145
6749,0.025024252012372017
675,0.9984959363937378
6750,0.0009554342250339687
6751,0.9958046078681946
6752,0.0003986497176811099
6753,0.9999850988388062
6754,0.9973635077476501
6755,2.1257138271835174e-09
6756,0.0036546012852340937
6757,0.9999699592590332
6758,8.826043895737712e-09
6759,0.9849986433982849
676,0.0008568749763071537
6760,0.9387178421020508
6761,0.9992662072181702
6762,9.109710663324222e-05
6763,0.3742510676383972
6764,0.1263107806444168
6765,0.014321777038276196
6766,0.1806710809469223
6767,0.03786735609173775
6768,0.5304731130599976
6769,1.7568450516591838e-07
677,0.007574846502393484
6770,0.03959667310118675
6771,0.9999998807907104
6772,0.999265730381012
6773,0.9808332920074463
6774,0.9999891519546509
6775,0.999742329120636
6776,3.565145618722454e-07
6777,6.446128353321257e-11
6778,0.00986855011433363
6779,0.04653109982609749
678,0.003652115585282445
6780,0.9903146624565125
6781,1.9588051713981258e-07
6782,2.4064185708994046e-05
6783,0.309268981218338
6784,3.4604003218419166e-08
6785,3.573427238734439e-05
6786,0.701344907283783
6787,0.9714350700378418
6788,1.914666647451213e-08
6789,4.292648796643504e-14
679,0.9993410706520081
6790,0.0032042539678514004
6791,0.9999839067459106
6792,0.9938741326332092
6793,0.18639105558395386
6794,9.922281606122851e-05
6795,0.002962144324555993
6796,1.4888531950418837e-05
6797,0.9998877048492432
6798,8.510284715157468e-06
6799,0.9935989379882812
68,0.0033573410473763943
680,0.0005979611305519938
6800,0.9751259684562683
6801,2.8269357965626796e-09
6802,0.9995943903923035
6803,0.9999269247055054
6804,0.9966883063316345
6805,0.3544560372829437
6806,0.9937468767166138
6807,6.592297836505168e-07
6808,0.0028026122599840164
6809,0.9974908828735352
681,0.9963633418083191
6810,0.2150227576494217
6811,2.9192449801485054e-05
6812,5.84348599659279e-05
6813,0.9999241828918457
6814,0.0013250818010419607
6815,0.09052027016878128
6816,0.9999923706054688
6817,0.013611415401101112
6818,7.471856952179223e-05
6819,0.9556431770324707
682,0.00013514835154637694
6820,0.08171125501394272
6821,0.9975807666778564
6822,0.9999996423721313
6823,0.6263083815574646
6824,0.20387199521064758
6825,0.11838752776384354
6826,0.00047320526209659874
6827,0.9090067744255066
6828,6.456024129875004e-05
6829,1.0887120538427553e-07
683,0.03248889371752739
6830,0.0032897992059588432
6831,0.005862805992364883
6832,0.7340449094772339
6833,0.9112903475761414
6834,0.9999295473098755
6835,0.9455668926239014
6836,0.015253648161888123
6837,0.7571457624435425
6838,5.442999870264309e-11
6839,0.9989967942237854
684,0.9996778964996338
6840,0.999988317489624
6841,0.0001290188083657995
6842,0.01732158288359642
6843,0.999735414981842
6844,0.8430231213569641
6845,0.9999678134918213
6846,0.11465489119291306
6847,0.9998264908790588
6848,4.780195581588487e-07
6849,0.9999101161956787
685,0.8877128958702087
6850,0.91651451587677
6851,3.712737452588044e-06
6852,0.9999927282333374
6853,0.9995267391204834
6854,0.9825294017791748
6855,0.9717814326286316
6856,0.6807850003242493
6857,0.005906741600483656
6858,0.3516539931297302
6859,0.08093827217817307
686,0.0004892991855740547
6860,1.0973593589369557e-06
6861,0.9944086670875549
6862,0.9121673107147217
6863,0.9996434450149536
6864,0.00033301295479759574
6865,0.00010827233927557245
6866,0.05460753291845322
6867,0.9912382960319519
6868,0.9999123811721802
6869,0.9984844326972961
687,0.9379135966300964
6870,0.9993343949317932
6871,0.8781392574310303
6872,0.36715805530548096
6873,0.0005633887485601008
6874,1.0749569128165604e-06
6875,0.06796253472566605
6876,0.9002943634986877
6877,0.0004164621059317142
6878,2.422999614282162e-06
6879,0.21195265650749207
688,0.9996575117111206
6880,5.48151001567021e-05
6881,0.9963831901550293
6882,0.9494026899337769
6883,0.7805379033088684
6884,6.476700946222991e-05
6885,0.22270908951759338
6886,0.9999631643295288
6887,0.7302485704421997
6888,5.98606650359379e-11
6889,0.34311074018478394
689,0.4453892409801483
6890,0.09692173451185226
6891,0.07487115263938904
6892,0.009576904587447643
6893,4.342361989984056e-06
6894,1.1454666491772514e-05
6895,0.12277688831090927
6896,0.00155312055721879
6897,0.9391127824783325
6898,0.000267843424808234
6899,0.9635436534881592
69,0.9997640252113342
690,6.43303224023839e-07
6900,4.30250413074873e-09
6901,0.9690459370613098
6902,0.9846891164779663
6903,0.0010922129731625319
6904,5.030712735276666e-09
6905,0.0016978596104308963
6906,0.9997459053993225
6907,0.9999929666519165
6908,0.19119784235954285
6909,0.2437790185213089
691,0.9888516068458557
6910,3.4168192541983444e-07
6911,0.9481091499328613
6912,0.8162001371383667
6913,8.270100806839764e-05
6914,0.23524999618530273
6915,0.011957880109548569
6916,0.8012132048606873
6917,5.211060170040582e-07
6918,0.9999293088912964
6919,0.03480319306254387
692,0.8655034303665161
6920,5.782796051789774e-06
6921,0.010632969439029694
6922,0.2852826416492462
6923,0.9996703863143921
6924,0.0002880516985896975
6925,0.0009363711578771472
6926,0.9968445301055908
6927,2.4149162527464796e-06
6928,0.8875449299812317
6929,0.9087375402450562
693,0.9990931749343872
6930,0.3743295669555664
6931,0.013813669793307781
6932,0.9960222840309143
6933,1.546643062511066e-07
6934,0.9988877177238464
6935,4.0352531982534856e-07
6936,0.5591665506362915
6937,0.0003079714369960129
6938,0.999903678894043
6939,0.10759009420871735
694,0.09371165931224823
6940,1.865562444436364e-05
6941,0.9963911175727844
6942,0.00011374127643648535
6943,0.00012629030970856547
6944,0.9995672106742859
6945,0.8702812790870667
6946,0.2061697244644165
6947,0.00013499637134373188
6948,0.9985041618347168
6949,0.9995761513710022
695,0.9995198249816895
6950,0.5439938306808472
6951,0.9807006120681763
6952,0.2162935733795166
6953,0.9999970197677612
6954,0.045095279812812805
6955,0.9892603158950806
6956,0.5656953454017639
6957,0.9954344630241394
6958,0.9403097033500671
6959,0.3334689438343048
696,6.14506789133884e-05
6960,4.307958789695476e-08
6961,0.04495125263929367
6962,0.8874796032905579
6963,0.995741605758667
6964,0.05188392475247383
6965,0.0009099598391912878
6966,1.6558186644033412e-07
6967,0.9967588782310486
6968,5.108083289684373e-09
6969,0.8674003481864929
697,0.7077764868736267
6970,0.0006305171991698444
6971,0.0004395394353196025
6972,0.00024879470583982766
6973,0.07540484517812729
6974,3.453613617310225e-09
6975,0.0046394518576562405
6976,0.9977487921714783
6977,6.454701360780746e-05
6978,0.03834012895822525
6979,0.00030568448710255325
698,9.881538426270708e-05
6980,0.9581655263900757
6981,0.0061553227715194225
6982,0.01749533973634243
6983,6.326753521079809e-08
6984,0.9325386881828308
6985,0.46630859375
6986,0.9999632835388184
6987,0.24360229074954987
6988,0.04660845175385475
6989,0.017445016652345657
699,0.8814245462417603
6990,5.190087914996866e-09
6991,0.0015892083756625652
6992,0.9989567995071411
6993,7.402182291116333e-06
6994,0.5706498026847839
6995,0.9765207171440125
6996,0.221738800406456
6997,0.12977316975593567
6998,0.0007452363497577608
6999,0.999879002571106
7,6.590049906662898e-06
70,0.8497303128242493
700,0.9872117638587952
7000,0.9999057054519653
7001,0.17294949293136597
7002,0.9996318817138672
7003,6.037794719304657e-06
7004,0.97409588098526
7005,1.2870080354332458e-05
7006,0.9819256067276001
7007,2.480023510997853e-07
7008,0.9993997812271118
7009,7.897594400674279e-07
701,0.00018514700059313327
7010,0.007386368233710527
7011,3.3276540989390924e-07
7012,0.006628441624343395
7013,0.999972939491272
7014,4.87964602058355e-09
7015,5.150418473931495e-07
7016,1.2961432958036312e-06
7017,0.9913942217826843
7018,0.9982349872589111
7019,0.006731939502060413
702,0.00044798169983550906
7020,9.757773966612149e-08
7021,0.6565355062484741
7022,0.0958067923784256
7023,0.18065761029720306
7024,0.038617949932813644
7025,0.0024202216882258654
7026,0.9989649057388306
7027,0.5461031198501587
7028,2.5084200387937017e-06
7029,1.5379591786768287e-05
703,1.7216073899817275e-08
7030,0.0043869889341294765
7031,0.9980237483978271
7032,1.7922535334946588e-05
7033,0.00040223821997642517
7034,0.1592797189950943
7035,0.5172125697135925
7036,0.9916372895240784
7037,0.9999996423721313
7038,6.659722373569821e-08
7039,0.007207996211946011
704,4.819640253117541e-06
7040,0.026822678744792938
7041,3.3296869332843926e-06
7042,0.42031264305114746
7043,0.9965301156044006
7044,0.11131596565246582
7045,0.03700903430581093
7046,8.281038026325405e-05
7047,0.038338616490364075
7048,2.635696182551328e-05
7049,4.268494012649171e-05
705,0.6879251003265381
7050,2.7361737320319435e-09
7051,0.961421012878418
7052,0.8797830939292908
7053,0.0922364741563797
7054,0.9981061220169067
7055,0.9987629652023315
7056,2.0897030026389984e-06
7057,0.009372951462864876
7058,0.5116704106330872
7059,0.45588165521621704
706,0.9993865489959717
7060,0.29195377230644226
7061,0.5518530011177063
7062,2.1621243462277562e-08
7063,0.00010954335448332131
7064,0.05362303927540779
7065,0.6641102433204651
7066,1.0
7067,1.899500375657226e-06
7068,0.8960198760032654
7069,0.00017030996968969703
707,0.9995896220207214
7070,0.4535243809223175
7071,0.0006406164611689746
7072,0.3505455255508423
7073,6.98989606462419e-05
7074,0.8709099292755127
7075,0.2850063741207123
7076,0.9988032579421997
7077,0.7094618082046509
7078,1.3623885024571791e-05
7079,0.9993119239807129
708,0.9998650550842285
7080,0.21989087760448456
7081,0.6180022358894348
7082,0.9999983310699463
7083,0.99978107213974
7084,2.359136033192044e-07
7085,0.18905389308929443
7086,0.008974763564765453
7087,0.054236847907304764
7088,0.036575160920619965
7089,0.9931693077087402
709,0.0013280735583975911
7090,0.0562216080725193
7091,0.007500621490180492
7092,0.0019850991666316986
7093,0.9971393346786499
7094,1.356210477254649e-09
7095,2.651958930233178e-10
7096,0.9996516704559326
7097,0.9742823243141174
7098,0.9827607870101929
7099,0.03862578421831131
71,0.25412413477897644
710,0.9898862838745117
7100,0.10390304774045944
7101,0.43508821725845337
7102,0.9998947381973267
7103,4.772570719069336e-06
7104,0.9915341734886169
7105,0.9867276549339294
7106,0.9908502101898193
7107,0.12218708544969559
7108,1.4159973034111317e-05
7109,0.0028484154026955366
711,0.00016941626381594688
7110,0.9948061108589172
7111,0.9997778534889221
7112,0.9992015957832336
7113,5.157611226991321e-09
7114,0.9900820851325989
7115,0.8902043104171753
7116,0.11162902414798737
7117,0.9999126195907593
7118,0.9905409216880798
7119,0.9998701810836792
712,0.9999927282333374
7120,0.9843740463256836
7121,0.9650635123252869
7122,5.383458869800961e-07
7123,0.9612224102020264
7124,0.938334584236145
7125,1.959568908205256e-05
7126,0.003313093213364482
7127,0.9985612034797668
7128,2.5290242433584353e-07
7129,1.580223033670336e-05
713,0.9999666213989258
7130,0.9987117052078247
7131,0.00034049234818667173
7132,0.03191331773996353
7133,0.25257939100265503
7134,0.9851621985435486
7135,0.9992901086807251
7136,0.9996922016143799
7137,0.00010637661762302741
7138,0.962464451789856
7139,0.30997854471206665
714,5.61831541290303e-07
7140,1.3559024409914855e-05
7141,0.9992685914039612
7142,0.9999709129333496
7143,0.9793160557746887
7144,0.9995239973068237
7145,2.1918087611538795e-07
7146,0.0002534947416279465
7147,0.3006753623485565
7148,0.9993603825569153
7149,0.10249259322881699
715,0.9999980926513672
7150,0.44541293382644653
7151,0.0002983805607073009
7152,1.8147902736131982e-08
7153,0.061443205922842026
7154,1.8365838059253292e-06
7155,2.006709243218552e-09
7156,4.009286385553423e-06
7157,0.014213684014976025
7158,1.6794672319520032e-07
7159,8.70608359709868e-12
716,9.757331281434745e-05
7160,0.5155590772628784
7161,2.011953029068536e-06
7162,0.00011465128773124889
7163,0.0010809925151988864
7164,1.2293972417865007e-07
7165,0.002547304378822446
7166,0.999640941619873
7167,8.387088001882148e-08
7168,0.9992491602897644
7169,0.9963449835777283
717,0.6150335669517517
7170,0.0002720982884056866
7171,1.75826983195293e-07
7172,0.004436498042196035
7173,2.130100801878143e-05
7174,0.0016769965877756476
7175,0.0003435733960941434
7176,0.0192949790507555
7177,8.498382157995366e-07
7178,1.986668621611898e-06
7179,0.9998857975006104
718,0.999506950378418
7180,0.002594713121652603
7181,0.9996042847633362
7182,2.6217154299956746e-05
7183,0.9999514818191528
7184,1.915457460199832e-06
7185,0.00018973424448631704
7186,0.0009926079073920846
7187,7.116302640497452e-06
7188,0.9999991655349731
7189,0.9274890422821045
719,0.9992837309837341
7190,0.9616224765777588
7191,1.3595906693808502e-06
7192,2.081627847871914e-08
7193,0.04091186076402664
7194,0.0019313690718263388
7195,0.9909490942955017
7196,8.614985745225567e-06
7197,0.23893770575523376
7198,1.0
7199,0.9955174326896667
72,0.44319948554039
720,5.56618942937348e-07
7200,0.2024921178817749
7201,4.672602860189556e-10
7202,0.0007386685465462506
7203,7.887261745054275e-05
7204,0.42304727435112
7205,1.6298413729742833e-09
7206,0.9996080994606018
7207,0.0002546230680309236
7208,0.004241045564413071
7209,0.9997836947441101
721,0.2218681424856186
7210,0.0003382379363756627
7211,1.4634571243732353e-06
7212,0.9991706609725952
7213,1.0
7214,0.9996436834335327
7215,6.71933448757045e-05
7216,0.003958440385758877
7217,0.2729579210281372
7218,0.8765290975570679
7219,0.11020755022764206
722,2.7200630938750692e-05
7220,0.993523120880127
7221,9.654404359293878e-11
7222,0.17949746549129486
7223,0.950547456741333
7224,2.330574096678765e-16
7225,3.986209412687458e-05
7226,0.9214485883712769
7227,3.5720818232221063e-06
7228,0.9958884119987488
7229,5.745564024550731e-08
723,0.0025273975916206837
7230,9.409769700141624e-05
7231,0.999983549118042
7232,0.08468427509069443
7233,0.36561086773872375
7234,0.9557387828826904
7235,3.9126412048062775e-06
7236,0.08735508471727371
7237,0.9999988079071045
7238,0.9492884874343872
7239,2.965874045912642e-05
724,0.7094017863273621
7240,5.968039573645001e-08
7241,5.025885548093356e-05
7242,9.174903503605947e-09
7243,0.00040006154449656606
7244,3.090818790951744e-05
7245,0.9826602339744568
7246,0.13630957901477814
7247,0.9238837957382202
7248,0.8022691607475281
7249,0.028327105566859245
725,0.9778784513473511
7250,1.5031800103315618e-05
7251,0.8745348453521729
7252,0.9945254325866699
7253,9.18593468668405e-06
7254,0.9683496952056885
7255,0.7288563847541809
7256,0.9415001273155212
7257,0.9662631750106812
7258,0.0002748435363173485
7259,0.977536678314209
726,4.674405751359245e-09
7260,1.0754002687463071e-05
7261,0.9999922513961792
7262,0.029397420585155487
7263,0.9999741315841675
7264,0.9972276091575623
7265,0.9986801743507385
7266,0.00034461490577086806
7267,0.7803968787193298
7268,0.16479061543941498
7269,0.07254255563020706
727,0.9988694787025452
7270,0.0769197940826416
7271,2.8788035706384107e-06
7272,0.046401940286159515
7273,1.748163419579285e-10
7274,0.27992475032806396
7275,0.15306268632411957
7276,3.1512186978943646e-05
7277,5.2289451559772715e-05
7278,0.02899244613945484
7279,0.999833345413208
728,0.0022793931420892477
7280,0.8352441787719727
7281,0.27872881293296814
7282,2.0096298612770624e-05
7283,0.9999232292175293
7284,0.0029271868988871574
7285,0.9999682903289795
7286,0.06759292632341385
7287,0.0005515817902050912
7288,1.6172518257917545e-07
7289,0.8591622114181519
729,1.1986348908976652e-06
7290,0.0026833172887563705
7291,0.9887130260467529
7292,0.010915889404714108
7293,0.9999332427978516
7294,0.9989801049232483
7295,0.023676404729485512
7296,2.976975288504491e-08
7297,0.9148392081260681
7298,0.9951057434082031
7299,0.09678008407354355
73,0.97066730260849
730,0.6873686909675598
7300,0.019514525309205055
7301,1.5451210089167944e-08
7302,1.2400644955334883e-09
7303,0.04126337170600891
7304,0.008837259374558926
7305,0.9997256398200989
7306,1.1030571300807424e-07
7307,0.9519617557525635
7308,0.995685338973999
7309,0.4203283488750458
731,0.07523160427808762
7310,0.0889134630560875
7311,1.0826980201272818e-08
7312,0.9992478489875793
7313,0.002419841941446066
7314,2.533077179123211e-07
7315,0.9999722242355347
7316,0.47105973958969116
7317,0.0006029244977980852
7318,0.3923245072364807
7319,0.9999450445175171
732,0.00042614591075107455
7320,0.24568386375904083
7321,0.7601112723350525
7322,0.000381290796212852
7323,0.999583899974823
7324,0.16008585691452026
7325,1.015168201237704e-12
7326,0.9967575669288635
7327,0.9987674951553345
7328,0.836686909198761
7329,1.7021144230966456e-05
733,0.019607016816735268
7330,0.9928540587425232
7331,0.004671045113354921
7332,0.9856854677200317
7333,0.0010347600327804685
7334,0.9975295662879944
7335,3.688801371026784e-06
7336,0.8276097178459167
7337,4.6204696957374836e-08
7338,0.9998766183853149
7339,0.0008476658840663731
734,3.697585384543345e-07
7340,0.8210852146148682
7341,1.0
7342,0.0029437444172799587
7343,0.3271317481994629
7344,0.00015006760077085346
7345,0.00032967119477689266
7346,0.9999994039535522
7347,0.9981693029403687
7348,0.9623074531555176
7349,0.000509993638843298
735,0.00425226055085659
7350,0.999998927116394
7351,0.9949475526809692
7352,0.9894475936889648
7353,0.9959346055984497
7354,0.002414078451693058
7355,1.1563181345763951e-07
7356,0.0003732602344825864
7357,0.053913261741399765
7358,0.7676166296005249
7359,0.9028343558311462
736,0.40087178349494934
7360,0.010114414617419243
7361,0.5879513621330261
7362,1.4632182399054727e-07
7363,6.727154868713114e-07
7364,0.9652273058891296
7365,0.024769922718405724
7366,8.132847867381443e-11
7367,0.9907322525978088
7368,0.9966188669204712
7369,0.8700092434883118
737,6.78034117740367e-09
7370,0.9751191735267639
7371,0.6198020577430725
7372,0.9999996423721313
7373,0.0005977821419946849
7374,0.9525145292282104
7375,0.6182109117507935
7376,0.058837439864873886
7377,0.0006736122304573655
7378,0.027074797078967094
7379,0.33113759756088257
738,0.9999573230743408
7380,1.4358129962754873e-10
7381,0.00026014624745585024
7382,0.3163453936576843
7383,0.8827961683273315
7384,0.20714566111564636
7385,9.801983225088406e-08
7386,3.4296142530365614e-06
7387,0.0006060745799914002
7388,0.9975378513336182
7389,1.1563824955374002e-06
739,0.9965947270393372
7390,0.8443316221237183
7391,0.9958393573760986
7392,0.998927891254425
7393,0.9999605417251587
7394,0.6248652338981628
7395,0.7917683124542236
7396,6.317127554211766e-05
7397,0.018681421875953674
7398,0.9547872543334961
7399,0.7073507905006409
74,0.998302698135376
740,0.03797633945941925
7400,0.031349580734968185
7401,0.005470338277518749
7402,0.04707378149032593
7403,0.9413011074066162
7404,9.715190390124917e-05
7405,5.453651101561263e-05
7406,0.9892362952232361
7407,0.9986907839775085
7408,1.7374638616729499e-07
7409,1.6869573471467447e-07
741,0.04088086634874344
7410,0.954624593257904
7411,0.130787193775177
7412,0.5337463617324829
7413,0.9898557662963867
7414,0.0018550432287156582
7415,0.5553752183914185
7416,2.287855932081584e-05
7417,0.0015374134527519345
7418,0.0009510429226793349
7419,6.491403473773971e-05
742,0.23794443905353546
7420,0.9999923706054688
7421,0.9998577833175659
7422,0.051366593688726425
7423,0.996753990650177
7424,0.0013112257001921535
7425,0.0005506404559127986
7426,0.06079268828034401
7427,0.9995371103286743
7428,1.4897130995450425e-07
7429,0.8139263987541199
743,0.7678801417350769
7430,0.03334684297442436
7431,0.9998140931129456
7432,0.008993457071483135
7433,1.4537876268150285e-05
7434,0.9972084164619446
7435,0.9747715592384338
7436,0.9843109250068665
7437,5.641231837216765e-06
7438,1.885719393612817e-05
7439,0.9858825206756592
744,0.8531916737556458
7440,0.005244075320661068
7441,0.00010672593634808436
7442,0.09323865920305252
7443,0.23460577428340912
7444,0.0003129202523268759
7445,0.32864564657211304
7446,0.9993054866790771
7447,0.013649046421051025
7448,0.9999595880508423
7449,2.887996924982872e-05
745,0.9856451153755188
7450,0.9968487620353699
7451,0.0004849616379942745
7452,0.050359971821308136
7453,0.9519069790840149
7454,0.14587846398353577
7455,0.9989942908287048
7456,2.1263208509481046e-06
7457,3.734778875053024e-10
7458,0.9975389242172241
7459,1.7908257632370805e-06
746,0.9986925721168518
7460,2.988524101965595e-06
7461,0.03779134899377823
7462,0.9492293000221252
7463,0.9994745850563049
7464,9.086078352993354e-05
7465,0.9997664093971252
7466,0.5754372477531433
7467,0.032163120806217194
7468,0.9934646487236023
7469,0.9635382294654846
747,0.031223759055137634
7470,0.36875680088996887
7471,6.937879248880563e-08
7472,0.48997488617897034
7473,0.003879848401993513
7474,0.02009013667702675
7475,0.5829756855964661
7476,0.00023147600586526096
7477,0.44051915407180786
7478,1.801904225828821e-08
7479,0.4915356934070587
748,0.037534214556217194
7480,0.03816007450222969
7481,0.009729054756462574
7482,8.088837785180658e-05
7483,0.9928361773490906
7484,0.9878851771354675
7485,1.0958287077755813e-07
7486,0.006316447164863348
7487,3.137174280709587e-05
7488,0.005234993994235992
7489,0.9973018169403076
749,0.01340171042829752
7490,0.9999903440475464
7491,8.84609398781322e-05
7492,1.0
7493,0.9935652613639832
7494,0.9759341478347778
7495,0.02748958207666874
7496,0.03189117833971977
7497,6.581926437253596e-14
7498,8.068958777585067e-06
7499,0.025843536481261253
75,1.2858503151136347e-09
750,0.9994292855262756
7500,9.246855188393965e-05
7501,0.00043203943641856313
7502,3.7754716686322354e-08
7503,0.9837056398391724
7504,0.13037227094173431
7505,0.4802948236465454
7506,0.00024443058646284044
7507,0.011527095921337605
7508,0.21201027929782867
7509,0.9858971238136292
751,2.9259537768666632e-05
7510,0.9999972581863403
7511,0.9616605043411255
7512,0.94181227684021
7513,0.002516308333724737
7514,0.0029120289254933596
7515,0.0001832901907619089
7516,0.9971478581428528
7517,0.8905903697013855
7518,0.08652753382921219
7519,0.010634434409439564
752,0.9998296499252319
7520,0.9997956156730652
7521,0.9215777516365051
7522,5.524471362150507e-06
7523,0.999150276184082
7524,0.5318041443824768
7525,0.16657516360282898
7526,0.9999254941940308
7527,0.3512076437473297
7528,0.9994608759880066
7529,0.11404751241207123
753,0.8360890746116638
7530,0.8818347454071045
7531,0.9625316858291626
7532,0.0006879278225824237
7533,0.00033379264641553164
7534,0.9986095428466797
7535,0.014155799522995949
7536,0.16519057750701904
7537,0.002198613714426756
7538,0.9995869994163513
7539,0.7730717658996582
754,0.7567827105522156
7540,0.9999864101409912
7541,0.0005827222485095263
7542,0.999919056892395
7543,0.9072577953338623
7544,0.0013378182193264365
7545,0.9299485087394714
7546,0.594850480556488
7547,0.9999860525131226
7548,0.9989621639251709
7549,2.726006975706241e-08
755,6.014233804307878e-06
7550,0.8700147271156311
7551,0.9943291544914246
7552,0.9108890891075134
7553,0.91402667760849
7554,0.8676382899284363
7555,0.9993454813957214
7556,0.09685342758893967
7557,0.06001397967338562
7558,0.9999972581863403
7559,0.9598489999771118
756,0.0004691938229370862
7560,2.2637796151525613e-11
7561,0.005492207128554583
7562,0.9906342029571533
7563,0.06160939112305641
7564,1.0923497029580176e-05
7565,0.0006908047362230718
7566,0.3339885473251343
7567,0.14412154257297516
7568,0.0013965254183858633
7569,0.08020030707120895
757,0.6463651061058044
7570,0.003084580646827817
7571,0.013430249877274036
7572,0.8054914474487305
7573,0.056553833186626434
7574,0.9928286671638489
7575,2.373554224277541e-07
7576,0.0006691262824460864
7577,0.992315411567688
7578,0.0029818082693964243
7579,0.9916850328445435
758,9.478752227565224e-10
7580,0.9995517134666443
7581,6.768843974214178e-08
7582,0.9964930415153503
7583,0.0014875768683850765
7584,0.7654226422309875
7585,0.03843709081411362
7586,9.679929644335061e-05
7587,0.7740094661712646
7588,0.0010668747127056122
7589,6.133366037275323e-11
759,1.507029628555756e-05
7590,0.19625979661941528
7591,0.04562641307711601
7592,0.7306006550788879
7593,0.013064843602478504
7594,0.16185493767261505
7595,0.9936916828155518
7596,0.9988155364990234
7597,0.013530614785850048
7598,2.8795284379157238e-06
7599,0.9106521606445312
76,2.6071700176544255e-06
760,0.43521639704704285
7600,0.47307857871055603
7601,0.9992414712905884
7602,0.0002808207646012306
7603,0.945861279964447
7604,0.0009425329626537859
7605,0.05070832744240761
7606,0.006988137029111385
7607,3.923943392436513e-09
7608,0.4623241126537323
7609,0.916702389717102
761,0.6589624881744385
7610,3.078393638134003e-05
7611,0.0003868206695187837
7612,0.9999666213989258
7613,0.9904208183288574
7614,0.00014183524763211608
7615,0.8003451228141785
7616,0.9995334148406982
7617,1.3096192219563818e-07
7618,0.00013923415099270642
7619,4.876947734544501e-09
762,0.48616454005241394
7620,0.0004381593898870051
7621,0.004955558571964502
7622,1.0
7623,0.0018331408500671387
7624,0.09546887129545212
7625,0.9959304928779602
7626,0.08011409640312195
7627,0.7897943258285522
7628,0.9890097975730896
7629,0.20360328257083893
763,0.005961916409432888
7630,0.0017053011106327176
7631,0.9999048709869385
7632,1.7669126464170404e-05
7633,3.6067180190002546e-05
7634,0.9209889769554138
7635,0.14648808538913727
7636,0.006986846681684256
7637,0.9899959564208984
7638,1.1413709216867574e-05
7639,0.9692126512527466
764,9.975741704693064e-05
7640,0.001318480120971799
7641,0.5689695477485657
7642,0.999362051486969
7643,0.987789511680603
7644,0.9734488725662231
7645,0.07143258303403854
7646,0.0002981414436362684
7647,0.005108767654746771
7648,0.9998227953910828
7649,0.0010980499209836125
765,0.8297514319419861
7650,4.916072953164985e-07
7651,0.5961000919342041
7652,0.9946986436843872
7653,0.7640456557273865
7654,0.0004379547608550638
7655,0.0023902910761535168
7656,1.7856526028481312e-05
7657,0.0008492269553244114
7658,0.9983251690864563
7659,0.9931929707527161
766,0.9985437393188477
7660,0.01519280020147562
7661,0.03243809938430786
7662,0.9989909529685974
7663,0.9999967813491821
7664,0.9993010759353638
7665,0.2124646157026291
7666,0.9980326294898987
7667,0.9220542311668396
7668,0.9998953342437744
7669,0.5960596203804016
767,0.999828577041626
7670,5.5638189223827794e-05
7671,0.9780429601669312
7672,1.4758504221390467e-05
7673,0.197347953915596
7674,0.9999961853027344
7675,0.001029260572977364
7676,0.32531458139419556
7677,0.9882312417030334
7678,0.3710872232913971
7679,9.527524866825843e-07
768,3.699497028719634e-07
7680,0.6743042469024658
7681,0.9605576992034912
7682,0.985839307308197
7683,0.9908163547515869
7684,0.9998816251754761
7685,1.9575387341319583e-05
7686,8.334529411513358e-05
7687,0.0003756985242944211
7688,0.003483298234641552
7689,0.00021454216039273888
769,0.8638800382614136
7690,2.580519503680989e-05
7691,0.0010446818778291345
7692,5.004259219276719e-05
7693,9.037772542797029e-05
7694,0.9903078675270081
7695,0.9999951124191284
7696,0.31803271174430847
7697,2.620474059966682e-09
7698,1.2372662240522914e-05
7699,4.7249195631593466e-05
77,0.9640133380889893
770,0.9838169813156128
7700,0.4942271113395691
7701,0.9722506999969482
7702,1.6448606032781754e-08
7703,0.0008679169113747776
7704,0.9877076745033264
7705,0.06402339041233063
7706,2.6422543962360302e-14
7707,0.29354533553123474
7708,0.014146488159894943
7709,0.0029630204662680626
771,0.0012663804227486253
7710,0.0015770983882248402
7711,0.9765865802764893
7712,2.9853029559490096e-07
7713,1.3494062841346022e-05
7714,2.677632619452197e-05
7715,0.9945492148399353
7716,0.9475688338279724
7717,4.996090297026967e-08
7718,3.3674547012196854e-05
7719,0.9999986886978149
772,0.08105747401714325
7720,9.919481817632914e-05
7721,9.951472978997344e-10
7722,0.12181856483221054
7723,0.9976155757904053
7724,0.9173088669776917
7725,0.9315996766090393
7726,9.641450014896691e-05
7727,2.002360633923672e-05
7728,0.998837411403656
7729,0.38235750794410706
773,0.0030556588899344206
7730,0.000493885949254036
7731,4.851755663892732e-10
7732,0.0017257736762985587
7733,9.166332893073559e-05
7734,0.9879383444786072
7735,0.9999973773956299
7736,0.9643293023109436
7737,0.9656324982643127
7738,0.9937795996665955
7739,0.0002611360396258533
774,0.9994978904724121
7740,7.387273853964871e-06
7741,0.999915361404419
7742,0.010893287137150764
7743,0.004096019547432661
7744,0.0010441277408972383
7745,0.9999985694885254
7746,1.1413012543926015e-05
7747,0.9299534559249878
7748,0.997729480266571
7749,0.014990142546594143
775,9.452487681471666e-09
7750,0.9460915923118591
7751,0.9998666048049927
7752,0.9645530581474304
7753,1.9899422909475106e-07
7754,0.004307200666517019
7755,4.2822870454983786e-05
7756,0.006972958333790302
7757,1.1415067675824009e-11
7758,0.0013087864499539137
7759,2.279221234857687e-06
776,0.00032575306249782443
7760,0.0018402044661343098
7761,5.601673638833127e-13
7762,0.00046448991633951664
7763,2.8220330250405823e-07
7764,0.9999903440475464
7765,0.9954695701599121
7766,0.9992890357971191
7767,0.5180744528770447
7768,1.5011308862611372e-09
7769,0.9995766282081604
777,0.9999995231628418
7770,0.7117284536361694
7771,0.8663586974143982
7772,4.194270175617021e-08
7773,0.37205255031585693
7774,2.0592822238540975e-06
7775,0.9155706763267517
7776,0.878119945526123
7777,0.825609028339386
7778,0.7156569957733154
7779,8.041431283345446e-05
778,0.018993642181158066
7780,1.7922535334946588e-05
7781,0.9988096952438354
7782,0.0016711137723177671
7783,0.8503796458244324
7784,5.518955003935844e-05
7785,0.9998844861984253
7786,0.045446816831827164
7787,0.01024039275944233
7788,0.005000092089176178
7789,0.9999475479125977
779,0.9240312576293945
7790,0.9994315505027771
7791,0.002740058582276106
7792,0.0064812954515218735
7793,1.8941492818669303e-10
7794,1.3385641750573996e-07
7795,8.383392938182688e-12
7796,0.00879521481692791
7797,0.9991994500160217
7798,0.015552903525531292
7799,0.970618486404419
78,0.8487876057624817
780,0.9962140917778015
7800,0.9714844822883606
7801,0.0025893496349453926
7802,6.488608619292791e-07
7803,0.00016980760847218335
7804,0.0006953818956390023
7805,3.3560125302756205e-05
7806,2.0953386595246037e-12
7807,0.9998065829277039
7808,2.454510390510062e-13
7809,3.4432017855579033e-05
781,0.42340007424354553
7810,0.0070782010443508625
7811,0.0008062210981734097
7812,0.9331813454627991
7813,0.9991976618766785
7814,0.9889229536056519
7815,0.9863390922546387
7816,0.9862149357795715
7817,0.9947294592857361
7818,0.9999810457229614
7819,0.9673511385917664
782,0.9143058657646179
7820,0.9982607960700989
7821,0.0011309614637866616
7822,0.9899514317512512
7823,0.8148198127746582
7824,0.002704195212572813
7825,1.7152986231394607e-07
7826,0.17251192033290863
7827,0.05259238928556442
7828,0.964522123336792
7829,0.9847537279129028
783,0.9840356707572937
7830,0.2677895128726959
7831,0.03300612419843674
7832,0.0036536583211272955
7833,0.0034962280187755823
7834,0.8843854069709778
7835,0.9999967813491821
7836,0.991489827632904
7837,0.997366726398468
7838,0.9879857897758484
7839,0.42059987783432007
784,0.9995068311691284
7840,0.0024071556981652975
7841,0.09530285000801086
7842,6.438016862375662e-05
7843,0.663995623588562
7844,0.025642653927206993
7845,0.9521599411964417
7846,1.899077687994577e-05
7847,0.0006465959595516324
7848,0.9999406337738037
7849,0.9982616305351257
785,0.00043043686309829354
7850,0.191000834107399
7851,0.00010826821380760521
7852,2.304713531131597e-09
7853,0.8224694728851318
7854,1.005138983600773e-05
7855,4.4320400775177404e-05
7856,0.41700202226638794
7857,1.3630837469624834e-15
7858,4.525045227410374e-09
7859,0.00017038063379004598
786,0.984475314617157
7860,9.348148068966111e-07
7861,0.18117964267730713
7862,2.3953242167529254e-10
7863,2.3265025447472e-05
7864,0.13543522357940674
7865,2.503374787465873e-07
7866,0.1432419866323471
7867,1.3678474151956888e-11
7868,0.006355383899062872
7869,0.9999998807907104
787,9.763951993591036e-07
7870,0.54365473985672
7871,7.67968189041568e-11
7872,0.9457045197486877
7873,0.8882690072059631
7874,0.9999618530273438
7875,0.8863020539283752
7876,0.39034533500671387
7877,0.49286291003227234
7878,0.7503868937492371
7879,0.011975092813372612
788,0.0001770398230291903
7880,0.9789246320724487
7881,0.9997969269752502
7882,0.02124890871345997
7883,0.12338216602802277
7884,0.5580765604972839
7885,0.8966994285583496
7886,0.023716721683740616
7887,0.0024695859756320715
7888,3.72554968635086e-05
7889,0.0006109931273385882
789,0.9994292855262756
7890,5.024567599321017e-06
7891,0.9500499963760376
7892,0.9905904531478882
7893,0.34079402685165405
7894,0.3225739300251007
7895,0.030644893646240234
7896,0.13758496940135956
7897,7.11260800017044e-05
7898,0.019932949915528297
7899,0.46791017055511475
79,0.07520095258951187
790,0.9246138334274292
7900,0.6745905876159668
7901,0.9977810978889465
7902,0.999944806098938
7903,0.5446497797966003
7904,1.7322699932265095e-06
7905,0.08251908421516418
7906,0.9999982118606567
7907,7.33357865101425e-07
7908,0.9940237402915955
7909,0.9926204681396484
791,0.9864662289619446
7910,0.00014120773994363844
7911,0.0310268085449934
7912,0.47717246413230896
7913,0.13970591127872467
7914,0.9991639852523804
7915,0.0032189248595386744
7916,0.9999996423721313
7917,1.5379591786768287e-05
7918,0.026164280250668526
7919,0.00013826343638356775
792,0.9998327493667603
7920,0.9977478384971619
7921,0.9866709113121033
7922,0.9997957348823547
7923,0.9992356300354004
7924,0.0001756835845299065
7925,0.9991951584815979
7926,0.48966461420059204
7927,0.09374591708183289
7928,1.0
7929,0.9982873797416687
793,0.9901401400566101
7930,0.10452449321746826
7931,0.26261988282203674
7932,0.9753237962722778
7933,0.13617028295993805
7934,0.9585486054420471
7935,0.1995859146118164
7936,0.024535467848181725
7937,0.9455927014350891
7938,0.9992091059684753
7939,0.2771032452583313
794,0.952262818813324
7940,0.01156716886907816
7941,0.026996014639735222
7942,0.004733711015433073
7943,0.036937061697244644
7944,0.559053897857666
7945,0.00018619044567458332
7946,0.5329698324203491
7947,0.9998829364776611
7948,0.0030059530399739742
7949,0.9682264924049377
795,2.0136567400186323e-05
7950,8.684175867301747e-08
7951,3.349102826177841e-07
7952,0.6304181814193726
7953,0.005934207234531641
7954,5.161242544460265e-09
7955,5.225817608506267e-13
7956,0.999966025352478
7957,0.8357241749763489
7958,4.130589204009993e-09
7959,0.9409496784210205
796,0.9433267116546631
7960,0.9775970578193665
7961,0.00020050114835612476
7962,0.014197097159922123
7963,0.9785059094429016
7964,0.9979897737503052
7965,0.0005135529791004956
7966,0.17558421194553375
7967,0.998738706111908
7968,0.0003547833766788244
7969,0.9999442100524902
797,0.7475355267524719
7970,0.0005156564875505865
7971,0.0012942139292135835
7972,1.1693839041981846e-05
7973,0.026721209287643433
7974,8.51806271384703e-06
7975,0.7715441584587097
7976,0.0002065943699562922
7977,0.9833793044090271
7978,3.447823360147595e-08
7979,0.0009837516117841005
798,0.0019388359505683184
7980,3.0089646330111464e-09
7981,0.7988825440406799
7982,0.9998145699501038
7983,1.644139592826832e-05
7984,0.0014528600731864572
7985,0.010194994509220123
7986,0.24274775385856628
7987,3.4434864915056096e-07
7988,0.983660876750946
7989,0.006693593226373196
799,0.06055305525660515
7990,0.8175446391105652
7991,4.5685421355301514e-05
7992,0.0005947520257905126
7993,0.009959731251001358
7994,1.616693339201447e-06
7995,0.9673730134963989
7996,1.704483310049909e-08
7997,1.037303491102648e-06
7998,0.9787459969520569
7999,0.0136958546936512
8,0.9955853223800659
80,0.29001492261886597
800,0.9042896628379822
8000,0.34798747301101685
8001,6.143189693830209e-06
8002,9.277446866295946e-12
8003,0.9950662851333618
8004,1.81548962530087e-08
8005,0.9696201086044312
8006,1.130333203036571e-06
8007,6.824197043897584e-06
8008,0.9876299500465393
8009,0.0016582615207880735
801,2.821650790622854e-13
8010,3.4675899769354146e-06
8011,0.9988865256309509
8012,0.9797186851501465
8013,0.004652698058634996
8014,0.7556303143501282
8015,2.49473060875971e-07
8016,0.9475145936012268
8017,2.285127993673086e-05
8018,0.22696664929389954
8019,0.9617052674293518
802,0.00044550452730618417
8020,0.003385803196579218
8021,0.9999910593032837
8022,1.5379591786768287e-05
8023,0.9612120389938354
8024,0.9408618807792664
8025,1.1180736197990981e-10
8026,0.009043961763381958
8027,0.9962843656539917
8028,0.9992819428443909
8029,0.11490078270435333
803,0.27540650963783264
8030,2.746704641509723e-09
8031,0.822704017162323
8032,0.9999986886978149
8033,0.01943737082183361
8034,6.559530447702855e-05
8035,3.575151552581701e-08
8036,0.997062623500824
8037,0.999923586845398
8038,1.467706056246243e-06
8039,0.0009092713007703424
804,7.664858331368762e-11
8040,8.057492451030157e-09
8041,4.00446140247368e-07
8042,1.5758999438730825e-07
8043,0.9999970197677612
8044,0.0011741850757971406
8045,0.13956472277641296
8046,0.0003502588951960206
8047,9.070366104424465e-06
8048,3.3912815524672624e-06
8049,0.02308843657374382
805,0.0005747281247749925
8050,1.0755726179922931e-05
8051,0.9997312426567078
8052,0.06666907668113708
8053,0.050983067601919174
8054,0.9999808073043823
8055,0.9998817443847656
8056,0.8697654008865356
8057,0.9887639284133911
8058,0.9987138509750366
8059,0.0001498515484854579
806,0.9958500862121582
8060,0.00021980244491714984
8061,0.9787535667419434
8062,3.205022949259728e-05
8063,4.091456418109374e-08
8064,0.7928749322891235
8065,0.9999963045120239
8066,0.19692182540893555
8067,0.999338686466217
8068,0.001462331973016262
8069,0.8536685109138489
807,0.9978923201560974
8070,0.0038367658853530884
8071,0.0002064860746031627
8072,0.9989473223686218
8073,0.9960564374923706
8074,0.8477720618247986
8075,0.0003777466481551528
8076,0.029013650491833687
8077,0.1059955358505249
8078,0.9355751276016235
8079,0.9680933356285095
808,0.0003508935624267906
8080,0.0055886320769786835
8081,7.361435564234853e-06
8082,0.9973852038383484
8083,0.9701151251792908
8084,0.9133446216583252
8085,2.0586185200954787e-05
8086,0.9381612539291382
8087,0.09755930304527283
8088,0.9999997615814209
8089,2.212286972280708e-06
809,0.9999936819076538
8090,5.806306546674023e-09
8091,0.999184787273407
8092,0.7738799452781677
8093,0.9774991273880005
8094,0.12929658591747284
8095,0.31436967849731445
8096,0.775294840335846
8097,2.4801559561637987e-07
8098,0.03727105259895325
8099,7.729444405413233e-06
81,0.9287376999855042
810,0.9907405376434326
8100,1.192000854643993e-05
8101,0.9883184432983398
8102,0.9992988109588623
8103,0.33166179060935974
8104,0.13219769299030304
8105,0.926961362361908
8106,0.10329227149486542
8107,5.8826099547104604e-09
8108,0.9350995421409607
8109,0.00022614721092395484
811,7.77728473622119e-06
8110,0.9645918607711792
8111,5.093367144581862e-05
8112,0.10419204831123352
8113,0.9999406337738037
8114,0.9968003034591675
8115,6.876306724734604e-05
8116,0.11643783003091812
8117,0.812421441078186
8118,0.5683985948562622
8119,4.2143489015927273e-16
812,0.9986141920089722
8120,5.576674084295519e-06
8121,0.9996987581253052
8122,0.954670250415802
8123,0.0020164158195257187
8124,0.8773137927055359
8125,0.0004921364015899599
8126,0.07241196185350418
8127,0.9957096576690674
8128,0.0528939887881279
8129,0.02409553714096546
813,0.9722414612770081
8130,0.46026650071144104
8131,0.9919337034225464
8132,1.2261853587613308e-13
8133,0.022063447162508965
8134,3.1322385893872706e-06
8135,0.02436942793428898
8136,0.2323312610387802
8137,0.9891674518585205
8138,2.4481672880938277e-05
8139,0.07169436663389206
814,0.9958655834197998
8140,0.0002733156434260309
8141,1.2300293406042329e-07
8142,0.9957881569862366
8143,0.9800026416778564
8144,0.061110492795705795
8145,7.051415013847873e-05
8146,0.02530389465391636
8147,0.9920914173126221
8148,0.9999376535415649
8149,4.2315184600738576e-07
815,0.9668706059455872
8150,0.7524287700653076
8151,7.502079029109154e-07
8152,0.0017537903040647507
8153,0.999993085861206
8154,0.9969261288642883
8155,0.9903486967086792
8156,0.021780317649245262
8157,0.04009687155485153
8158,0.022259395569562912
8159,0.034561458975076675
816,0.21863755583763123
8160,0.9983353018760681
8161,0.0012494106777012348
8162,0.7073634266853333
8163,0.00856036227196455
8164,0.9999724626541138
8165,0.04080047085881233
8166,0.0008928491151891649
8167,0.455996036529541
8168,0.10075046122074127
8169,0.999994158744812
817,0.10043177753686905
8170,0.0001684457529336214
8171,0.033348195254802704
8172,0.004399467725306749
8173,0.005403967574238777
8174,0.3283190131187439
8175,2.997309991314978e-07
8176,0.00047069857828319073
8177,0.9998040795326233
8178,0.01029302179813385
8179,0.050412267446517944
818,0.7317804098129272
8180,0.7846652269363403
8181,0.1585519015789032
8182,0.9580338001251221
8183,0.3912228047847748
8184,2.986754680023296e-06
8185,0.9601632356643677
8186,0.00024022290017455816
8187,0.5182109475135803
8188,2.254359543485407e-08
8189,3.406406904105097e-05
819,0.9669026732444763
8190,0.9218771457672119
8191,0.10947275161743164
8192,0.046103790402412415
8193,0.02494210936129093
8194,0.7565308213233948
8195,9.232747011367337e-09
8196,9.591363777872175e-06
8197,0.9947106838226318
8198,0.9999405145645142
8199,0.9941372871398926
82,8.590181437284627e-07
820,0.025897178798913956
8200,1.6549547581234947e-05
8201,0.02280188724398613
8202,1.6488623799659763e-08
8203,0.0013303718296810985
8204,0.0046630441211164
8205,0.9911704063415527
8206,0.9918573498725891
8207,0.9978969097137451
8208,0.997113823890686
8209,1.2349789813015377e-07
821,0.999858021736145
8210,0.015855202451348305
8211,0.005087778903543949
8212,0.9987685084342957
8213,0.0367392972111702
8214,4.317780977203256e-08
8215,0.9041114449501038
8216,0.9556511044502258
8217,0.9871307015419006
8218,4.428496595210163e-06
8219,0.9999767541885376
822,0.9717472195625305
8220,0.00013938412303104997
8221,0.4170536696910858
8222,0.2842443585395813
8223,0.9982535243034363
8224,0.0007264554151333869
8225,1.379355035169283e-05
8226,0.022235196083784103
8227,0.8532955646514893
8228,0.9948959946632385
8229,0.9819340109825134
823,0.9999889135360718
8230,3.6333760363049805e-05
8231,4.550952507997863e-05
8232,3.454519173828885e-06
8233,2.3406967386563338e-07
8234,0.9939417839050293
8235,0.002655480522662401
8236,0.8215880393981934
8237,3.4526383387856185e-05
8238,0.999680757522583
8239,0.005393935367465019
824,0.0022684368304908276
8240,0.9857662916183472
8241,6.103329724282958e-06
8242,0.007217085920274258
8243,0.0003219683712814003
8244,0.9840101599693298
8245,1.1678165989792433e-08
8246,0.9998156428337097
8247,0.9956967830657959
8248,0.9444479942321777
8249,0.7875417470932007
825,4.381923190521775e-06
8250,0.7610291242599487
8251,0.03671792149543762
8252,0.0021655354648828506
8253,1.3892342565213767e-07
8254,0.003259255550801754
8255,0.7419005036354065
8256,0.9999781847000122
8257,2.7743656330625477e-11
8258,0.8687902092933655
8259,0.5026722550392151
826,0.9994930028915405
8260,0.6719197630882263
8261,0.021873686462640762
8262,0.0014683769550174475
8263,0.29699069261550903
8264,0.007527288049459457
8265,0.9999947547912598
8266,4.600707370627788e-09
8267,0.001671762322075665
8268,0.7167097330093384
8269,0.9985033273696899
827,5.71064029397661e-10
8270,4.054218607052462e-06
8271,0.9877552390098572
8272,0.32787689566612244
8273,0.2985489070415497
8274,2.1862753783352673e-05
8275,0.011885653249919415
8276,0.47208914160728455
8277,0.0009593259310349822
8278,0.9761378765106201
8279,0.23761682212352753
828,0.9622300267219543
8280,0.9997780919075012
8281,0.993298351764679
8282,0.03015141375362873
8283,0.999091625213623
8284,0.0002353453019168228
8285,0.01060392428189516
8286,0.9983566403388977
8287,0.11415687948465347
8288,0.9999898672103882
8289,0.7009140849113464
829,0.004149635322391987
8290,1.226638414664194e-05
8291,0.9470418691635132
8292,0.9621682167053223
8293,0.7504341006278992
8294,7.25508070900105e-05
8295,0.00010861151531571522
8296,0.0003035780100617558
8297,4.641788109438494e-05
8298,0.5419350266456604
8299,0.8209118247032166
83,0.998866081237793
830,0.909770667552948
8300,0.011025365442037582
8301,0.9947861433029175
8302,6.396465323632583e-05
8303,0.005586008541285992
8304,0.998173713684082
8305,0.2442588061094284
8306,0.9978352189064026
8307,7.223436426784247e-08
8308,0.05523134768009186
8309,0.971122682094574
831,2.0633691747207195e-05
8310,0.9860401153564453
8311,0.0075917416252195835
8312,0.00018598692258819938
8313,0.4456091523170471
8314,0.9662205576896667
8315,2.675478111627272e-13
8316,0.00013305385073181242
8317,1.3635145705848117e-06
8318,2.2916496478231352e-10
8319,0.9942641854286194
832,0.9285714626312256
8320,0.004183671902865171
8321,0.798345685005188
8322,0.9630876183509827
8323,0.782534122467041
8324,0.203802689909935
8325,0.6179235577583313
8326,0.7756132483482361
8327,0.9842930436134338
8328,0.02306116372346878
8329,0.0027316890191286802
833,0.9909343123435974
8330,8.618698643658718e-08
8331,0.9729726314544678
8332,0.998629093170166
8333,0.9793980717658997
8334,3.071123728659586e-07
8335,0.9999525547027588
8336,4.271170439551497e-07
8337,0.9904505610466003
8338,3.2309958442056086e-07
8339,0.0021030104253441095
834,2.3681848233536584e-06
8340,6.836847660451895e-06
8341,0.017449496313929558
8342,0.9989240765571594
8343,0.0677490383386612
8344,0.04853088781237602
8345,0.00023703856277279556
8346,0.9727588295936584
8347,0.9996920824050903
8348,0.00011145309690618888
8349,7.502831431338564e-05
835,0.9999605417251587
8350,0.9847691059112549
8351,0.002932064700871706
8352,3.3487240216345526e-06
8353,0.004986117128282785
8354,2.1238187741801084e-07
8355,0.9923251867294312
8356,1.4700286783408956e-06
8357,0.9041785001754761
8358,2.3954922653501853e-05
8359,9.634665981694823e-11
836,7.342858765468918e-08
8360,0.9982007741928101
8361,0.9700783491134644
8362,0.010928618721663952
8363,6.47218112135306e-05
8364,0.9999970197677612
8365,5.429262819234282e-05
8366,0.9982359409332275
8367,2.8096039383918026e-10
8368,0.5997140407562256
8369,0.9998576641082764
837,0.4884917140007019
8370,0.001120688975788653
8371,0.9191508293151855
8372,1.1858766129080323e-06
8373,3.136221837785058e-11
8374,1.5619744386796697e-09
8375,6.51951097552228e-07
8376,3.4006816918008553e-08
8377,0.07254859060049057
8378,0.0025008521042764187
8379,0.05015917494893074
838,0.021026458591222763
8380,0.9401333928108215
8381,0.4531349837779999
8382,0.9877288341522217
8383,0.013943241909146309
8384,0.9968255758285522
8385,0.026239506900310516
8386,0.02174977958202362
8387,0.0004678686964325607
8388,0.9523013234138489
8389,0.9997150301933289
839,0.935126781463623
8390,0.30530938506126404
8391,4.8774663810036145e-06
8392,0.006445668637752533
8393,8.599427019362338e-07
8394,0.9999644756317139
8395,0.4122426211833954
8396,0.9999910593032837
8397,0.00132945051882416
8398,0.8762649297714233
8399,0.9663838744163513
84,0.00026421216898597777
840,1.998934294533683e-06
8400,0.0006379818078130484
8401,6.127322649263078e-06
8402,0.008832401596009731
8403,0.9939126372337341
8404,9.427781151316594e-06
8405,4.060527913907208e-09
8406,0.5700510144233704
8407,0.9949480295181274
8408,0.0011475530918687582
8409,0.010886871255934238
841,1.4861890122119803e-05
8410,0.15377376973628998
8411,0.9904441237449646
8412,0.031492069363594055
8413,0.0058217477053403854
8414,0.848971962928772
8415,0.9978359341621399
8416,0.6761975288391113
8417,0.14973615109920502
8418,0.566286563873291
8419,0.9684296250343323
842,0.22231540083885193
8420,5.95703659200808e-06
8421,1.2768668788964987e-08
8422,1.0
8423,0.9935975074768066
8424,0.6907253861427307
8425,0.18312382698059082
8426,1.1529079912975249e-09
8427,0.9999994039535522
8428,0.46881067752838135
8429,0.9487168788909912
843,0.8146899938583374
8430,0.9343715906143188
8431,0.00028739223489537835
8432,0.0001308297796640545
8433,0.9999845027923584
8434,0.9998045563697815
8435,1.7069434932182048e-07
8436,3.733551068307861e-07
8437,7.541302651792314e-12
8438,0.9994791150093079
8439,0.9896124005317688
844,0.735237717628479
8440,0.9999969005584717
8441,0.9336069822311401
8442,0.9823437929153442
8443,0.00452054338529706
8444,0.9895879030227661
8445,0.14063496887683868
8446,1.7279566222327958e-08
8447,0.0019259480759501457
8448,0.24567480385303497
8449,0.9825708270072937
845,0.8761113882064819
8450,0.001830589841119945
8451,0.41166815161705017
8452,1.311834580519644e-06
8453,0.027300449088215828
8454,9.924705409503076e-06
8455,0.9901121258735657
8456,0.008098375052213669
8457,0.9951484799385071
8458,0.9997021555900574
8459,0.0020672499667853117
846,0.9993091821670532
8460,0.16309192776679993
8461,0.9941300749778748
8462,0.0018273392925038934
8463,0.999862790107727
8464,0.9970343112945557
8465,0.01244149450212717
8466,3.5170842238585465e-06
8467,0.036637865006923676
8468,0.00366798578761518
8469,2.2896210793987848e-07
847,0.00794586818665266
8470,0.9999966621398926
8471,0.9755005240440369
8472,7.36831862013787e-06
8473,0.879913866519928
8474,0.9834068417549133
8475,0.09873074293136597
8476,0.9999991655349731
8477,0.9426575899124146
8478,0.9376618266105652
8479,0.9826796054840088
848,0.4051116704940796
8480,0.0002170850639231503
8481,0.9999626874923706
8482,0.00030161082395352423
8483,0.9998070597648621
8484,0.00011348754196660593
8485,0.9999996423721313
8486,0.9968159794807434
8487,3.1825853511691093e-05
8488,0.9370028376579285
8489,0.0003882833698298782
849,0.00021159221068955958
8490,0.274495929479599
8491,0.932383120059967
8492,2.450321971991798e-06
8493,0.12187005579471588
8494,2.657192510469031e-07
8495,0.9832837581634521
8496,3.423808084335178e-05
8497,0.986233115196228
8498,4.200341209070757e-06
8499,0.02739955671131611
85,1.0
850,7.9530909715686e-05
8500,1.3441223689625303e-09
8501,0.0006530769751407206
8502,2.537838554417249e-06
8503,0.9985842704772949
8504,0.000843024579808116
8505,0.9993658661842346
8506,3.094144994975068e-05
8507,0.0033149798400700092
8508,0.0010666765738278627
8509,2.9441532660712255e-06
851,0.6084884405136108
8510,0.9579524993896484
8511,1.780721170518973e-08
8512,0.9700590372085571
8513,0.06198693439364433
8514,4.97686087328475e-05
8515,0.9994990825653076
8516,0.002172343200072646
8517,0.0009065130725502968
8518,0.15055643022060394
8519,0.9944262504577637
852,0.0002893133496399969
8520,1.7184088818567034e-08
8521,0.9643368124961853
8522,0.015320850536227226
8523,0.004698544275015593
8524,6.874125233480299e-07
8525,0.04785722494125366
8526,1.8479262280379771e-06
8527,0.9991642236709595
8528,0.9997863173484802
8529,9.527524866825843e-07
853,0.0005697637097910047
8530,0.048830997198820114
8531,5.18806427862728e-06
8532,0.9972370862960815
8533,4.7623498176108114e-06
8534,0.9999687671661377
8535,4.779673690791242e-05
8536,5.18259594173287e-06
8537,0.3020372688770294
8538,0.9978939890861511
8539,0.2096238136291504
854,0.9241763353347778
8540,0.9607781767845154
8541,0.9953194260597229
8542,0.9999818801879883
8543,0.7841969132423401
8544,0.00010723742889240384
8545,0.9999969005584717
8546,0.997373104095459
8547,0.9470171928405762
8548,0.3643336594104767
8549,5.9952897572657093e-05
855,0.23769448697566986
8550,0.14447632431983948
8551,0.0007415698491968215
8552,6.0293001297395676e-05
8553,0.7872771620750427
8554,0.00018832586647477
8555,1.4962998617917833e-09
8556,0.8953750133514404
8557,0.7252256274223328
8558,0.00059838208835572
8559,1.0
856,0.70809006690979
8560,0.00019628668087534606
8561,0.9991258978843689
8562,0.5788736343383789
8563,0.00015792265185154974
8564,0.9992104768753052
8565,0.9251912236213684
8566,1.0208832043612226e-11
8567,0.9286301732063293
8568,0.9933070540428162
8569,0.9999101161956787
857,0.9924197793006897
8570,0.006339095998555422
8571,0.12184903025627136
8572,0.0931345596909523
8573,0.00011991947394562885
8574,0.0014151630457490683
8575,0.09054508060216904
8576,1.6907075739425181e-10
8577,0.047105349600315094
8578,0.34362781047821045
8579,0.7984344363212585
858,0.9981094598770142
8580,8.879824875407394e-09
8581,0.9999018907546997
8582,1.110855407659983e-09
8583,0.43032968044281006
8584,8.321965287905186e-05
8585,0.00603040587157011
8586,5.688531423686527e-09
8587,9.87818420981057e-05
8588,0.7738034129142761
8589,0.9918766021728516
859,2.8075046429876238e-05
8590,0.9999582767486572
8591,0.39689919352531433
8592,0.8241872787475586
8593,0.011983796022832394
8594,5.3362222388386726e-05
8595,0.002547446172684431
8596,0.9914405345916748
8597,0.00017360105994157493
8598,6.552628439848718e-10
8599,0.004900703672319651
86,0.5866455435752869
860,2.8086480597266927e-05
8600,0.9998431205749512
8601,0.9983879327774048
8602,0.013038549572229385
8603,0.018025711178779602
8604,0.9722517132759094
8605,0.0009906343184411526
8606,4.684920349973254e-05
8607,0.0016838745214045048
8608,1.5377598174382e-05
8609,2.3318441890296526e-05
861,0.9934512376785278
8610,0.9904745221138
8611,0.021335717290639877
8612,0.0003291840839665383
8613,0.9646705389022827
8614,0.0006156860035844147
8615,0.9999964237213135
8616,0.16297751665115356
8617,0.006545996759086847
8618,0.0021843265276402235
8619,1.1889250117746997e-06
862,0.013290966860949993
8620,0.4619580805301666
8621,0.06289172172546387
8622,0.9898126721382141
8623,0.0024327775463461876
8624,5.674911562891793e-07
8625,0.05531560629606247
8626,0.2908441126346588
8627,0.987793505191803
8628,0.6390771865844727
8629,0.9540782570838928
863,0.663253664970398
8630,0.33830326795578003
8631,0.028293944895267487
8632,0.9960007071495056
8633,0.006007877178490162
8634,0.9642271995544434
8635,0.9998611211776733
8636,0.01772119477391243
8637,0.8533713817596436
8638,0.7183201909065247
8639,4.834135779674398e-06
864,0.9989089965820312
8640,0.026780476793646812
8641,1.3142823718226282e-07
8642,0.9997301697731018
8643,7.484221100639843e-07
8644,0.7220845818519592
8645,0.04749295860528946
8646,0.01146315410733223
8647,0.029920034110546112
8648,0.9999468326568604
8649,0.016020501032471657
865,0.010028324089944363
8650,4.041654051434307e-07
8651,0.9999986886978149
8652,6.292909529292956e-05
8653,0.009763229638338089
8654,0.6146611571311951
8655,0.16038644313812256
8656,0.00044277438428252935
8657,0.03132575377821922
8658,4.464213361643488e-06
8659,0.31587308645248413
866,0.9548590779304504
8660,0.0016762255690991879
8661,0.9461435675621033
8662,0.5507998466491699
8663,0.8369203209877014
8664,0.01614273712038994
8665,1.7523288375898005e-11
8666,0.9877628684043884
8667,6.3078696257434785e-06
8668,0.6965582966804504
8669,0.9541653990745544
867,1.9919993064831942e-05
8670,0.7760385870933533
8671,0.1612897664308548
8672,0.9976485371589661
8673,0.9130277633666992
8674,0.00020878631039522588
8675,0.9999372959136963
8676,0.9939302206039429
8677,0.9532359838485718
8678,0.0022232092451304197
8679,8.752281668508721e-13
868,0.00017903445404954255
8680,0.010080927051603794
8681,1.7765061784302816e-05
8682,0.33301424980163574
8683,0.8241435885429382
8684,3.413957074371865e-06
8685,2.9655058142452617e-07
8686,0.9672446250915527
8687,0.03745028004050255
8688,0.0021303915418684483
8689,6.469392843655442e-08
869,0.9939255118370056
8690,6.73816060725585e-08
8691,0.9977068901062012
8692,1.8535192936042222e-08
8693,0.999565064907074
8694,0.9645494222640991
8695,0.0004609149182215333
8696,0.9538987874984741
8697,0.9999721050262451
8698,0.00043520284816622734
8699,0.9609454870223999
87,0.7371799349784851
870,0.9945159554481506
8700,0.8079755902290344
8701,2.431311374451184e-09
8702,9.354616907486513e-12
8703,5.487097041623201e-06
8704,0.2682803273200989
8705,0.007686861790716648
8706,0.8245947957038879
8707,0.9977627992630005
8708,0.6722627878189087
8709,9.838676748308295e-12
871,0.00048609875375404954
8710,0.00014008778089191765
8711,0.012305011041462421
8712,0.9836392998695374
8713,0.9903486967086792
8714,0.006555752828717232
8715,0.9885565042495728
8716,0.49424266815185547
8717,2.2057488990867569e-07
8718,0.0009947048965841532
8719,0.9849125146865845
872,0.7935725450515747
8720,0.6074779033660889
8721,0.9972140192985535
8722,0.9036247730255127
8723,0.0007018873584456742
8724,3.848023879982065e-06
8725,0.9970917701721191
8726,1.2443007735285505e-09
8727,0.07573195546865463
8728,0.9952151775360107
8729,0.9581118822097778
873,0.017239108681678772
8730,0.8041878938674927
8731,0.0006813902291469276
8732,0.9908120036125183
8733,0.9903509020805359
8734,0.020995546132326126
8735,0.001229585031978786
8736,0.01077647227793932
8737,0.9899559020996094
8738,0.9247221946716309
8739,0.9999994039535522
874,0.9997349381446838
8740,0.9994716048240662
8741,0.01422704104334116
8742,8.614559192210436e-06
8743,0.3227842152118683
8744,7.037764135020552e-06
8745,0.9938185811042786
8746,0.38939085602760315
8747,0.014801321551203728
8748,1.5479812645935453e-05
8749,6.730743189109489e-05
875,0.21730434894561768
8750,3.7462197610693693e-07
8751,0.06593165546655655
8752,1.913758387672715e-05
8753,4.739439507517318e-09
8754,6.75591877552506e-07
8755,0.9749404788017273
8756,0.01511547900736332
8757,0.0007232694188132882
8758,0.5383694767951965
8759,0.9990707635879517
876,0.851963222026825
8760,1.5374041595350718e-08
8761,0.8479435443878174
8762,0.999998927116394
8763,5.728053656639531e-05
8764,3.814820459524526e-08
8765,2.115680581482593e-05
8766,0.003389092395082116
8767,0.9999845027923584
8768,2.1720627046306618e-05
8769,0.9979495406150818
877,0.7241663336753845
8770,0.0020123166032135487
8771,0.8120715618133545
8772,0.004296527244150639
8773,1.1214197570552642e-07
8774,0.022495094686746597
8775,0.9714040160179138
8776,6.595867307623848e-05
8777,4.678201366914436e-05
8778,0.4760492444038391
8779,0.9978711605072021
878,0.9490737915039062
8780,6.313694757409394e-05
8781,0.0009940240997821093
8782,1.3853240776739995e-10
8783,0.09216104447841644
8784,0.000834026257507503
8785,4.7212168396981724e-07
8786,0.9546995759010315
8787,6.459886208176613e-07
8788,0.4409468472003937
8789,0.2822027802467346
879,2.408089585514972e-07
8790,0.1332501620054245
8791,0.6389955282211304
8792,0.7274296283721924
8793,0.7068794965744019
8794,0.9974514842033386
8795,0.9631682634353638
8796,0.8289064764976501
8797,0.9521740674972534
8798,0.0016198611119762063
8799,0.9874918460845947
88,0.9974728226661682
880,3.9439228203264065e-06
8800,0.9999997615814209
8801,0.8219944834709167
8802,0.6997494101524353
8803,5.4125816717487396e-08
8804,0.9998573064804077
8805,0.0015846631722524762
8806,0.9714217782020569
8807,0.018650755286216736
8808,0.07808460295200348
8809,0.9850497841835022
881,0.9997813105583191
8810,0.0035274955444037914
8811,0.9709805846214294
8812,0.933030366897583
8813,3.4700215110206045e-06
8814,0.0004531852900981903
8815,0.9279569983482361
8816,0.9970346689224243
8817,0.015962567180395126
8818,0.9997329115867615
8819,0.9618704915046692
882,0.9985713958740234
8820,0.026743799448013306
8821,0.9999158382415771
8822,0.06219475716352463
8823,0.6570295095443726
8824,1.0171005442316527e-06
8825,0.005489032715559006
8826,0.0008702845079824328
8827,0.9816941618919373
8828,0.9883356094360352
8829,0.7101562023162842
883,0.5205233097076416
8830,0.25915712118148804
8831,0.1860485076904297
8832,0.37360918521881104
8833,0.5795565247535706
8834,0.0078973937779665
8835,0.9822032451629639
8836,6.730440418323269e-07
8837,0.005655892193317413
8838,0.9839199185371399
8839,0.05271568521857262
884,0.8776585459709167
8840,0.031573813408613205
8841,4.072466322502244e-12
8842,0.9999979734420776
8843,0.8524216413497925
8844,0.957380473613739
8845,4.0121832967088267e-07
8846,0.022625774145126343
8847,0.0003130231925752014
8848,2.001837310672272e-05
8849,0.8370180130004883
885,0.8908171057701111
8850,0.7555075883865356
8851,0.057005614042282104
8852,0.0001480458304286003
8853,0.017840707674622536
8854,4.979116056347266e-05
8855,0.9999864101409912
8856,0.008873241022229195
8857,0.9841821789741516
8858,0.000592104101087898
8859,0.36897164583206177
886,0.9980358481407166
8860,0.9999922513961792
8861,0.655309796333313
8862,0.1287279576063156
8863,0.9999758005142212
8864,0.9672913551330566
8865,0.06400061398744583
8866,0.03343011438846588
8867,0.007422924507409334
8868,5.476546903082635e-06
8869,0.982029378414154
887,0.9832559823989868
8870,0.5747556686401367
8871,0.003319893032312393
8872,6.21740473434329e-05
8873,0.977715790271759
8874,0.00028587557608261704
8875,0.00021595189173240215
8876,3.71437280932696e-08
8877,0.9999525547027588
8878,0.9996514320373535
8879,0.0044637881219387054
888,0.0002877322258427739
8880,0.003839329117909074
8881,0.997272789478302
8882,0.9966629147529602
8883,0.7393969297409058
8884,0.9997792840003967
8885,1.5830472512284172e-13
8886,6.80724042467773e-05
8887,0.0019220446702092886
8888,0.9997312426567078
8889,0.10036571323871613
889,7.919148004020826e-09
8890,0.9937207698822021
8891,0.00022708061442244798
8892,0.9960393905639648
8893,8.704743231646717e-05
8894,6.898411015754391e-07
8895,1.1070677707891718e-08
8896,4.806169044968556e-07
8897,0.9919748902320862
8898,0.99681156873703
8899,0.0056966571137309074
89,0.0001426593807991594
890,0.00127964757848531
8900,4.1406016748624097e-07
8901,0.9979512095451355
8902,0.995263934135437
8903,0.6469997763633728
8904,2.6525382779141182e-08
8905,0.014978677034378052
8906,3.882125747622922e-05
8907,0.9712254405021667
8908,0.6737822890281677
8909,3.28480418829713e-05
891,0.8827556371688843
8910,1.1221141793527067e-09
8911,0.013471899554133415
8912,3.549401744740166e-11
8913,0.9936969876289368
8914,6.976084841880947e-05
8915,0.07465697079896927
8916,1.505382897448726e-06
8917,0.026867112144827843
8918,0.43260911107063293
8919,0.06444790214300156
892,0.8897070288658142
8920,0.9955494403839111
8921,0.00018307204300072044
8922,0.9646843671798706
8923,0.10296913981437683
8924,0.9623350501060486
8925,0.4195139706134796
8926,0.9995887875556946
8927,0.9998267292976379
8928,0.04864494502544403
8929,1.550473882616643e-07
893,0.999901533126831
8930,0.00021895299141760916
8931,0.0019976822659373283
8932,3.425326576689258e-05
8933,0.9946439266204834
8934,0.2759316563606262
8935,0.9999499320983887
8936,0.9999884366989136
8937,0.8760380148887634
8938,0.99986732006073
8939,0.5572077631950378
894,0.00013408051745500416
8940,0.19994236528873444
8941,1.2374843549878278e-07
8942,3.7835092371096835e-05
8943,8.033809728580366e-10
8944,0.00021498733258340508
8945,0.6291124820709229
8946,0.018494077026844025
8947,0.9999707937240601
8948,0.5076420903205872
8949,0.0003910591476596892
895,5.5269760196097195e-05
8950,0.12789155542850494
8951,0.5968194603919983
8952,0.979280948638916
8953,0.923822820186615
8954,2.9189526685513556e-05
8955,0.999998927116394
8956,0.0006612246506847441
8957,0.12505358457565308
8958,0.864902675151825
8959,0.9767479300498962
896,0.0036928988993167877
8960,0.9988149404525757
8961,0.9999966621398926
8962,0.00018110836390405893
8963,0.06435034424066544
8964,0.4259226322174072
8965,0.9999775886535645
8966,0.7745702266693115
8967,0.9001444578170776
8968,0.03977105766534805
8969,0.24455052614212036
897,0.6478028893470764
8970,0.9964610934257507
8971,0.8330792188644409
8972,0.00010598315566312522
8973,0.0017259529558941722
8974,0.994906485080719
8975,0.9765026569366455
8976,0.2013712078332901
8977,0.9804152250289917
8978,0.009347471408545971
8979,2.2986638214206323e-05
898,0.00014557981921825558
8980,0.9113986492156982
8981,0.0019303197041153908
8982,0.9982376098632812
8983,0.9999829530715942
8984,0.0015515536069869995
8985,0.9220709800720215
8986,0.8421630263328552
8987,0.29128408432006836
8988,0.0007015851442702115
8989,0.020816868171095848
899,0.9982883334159851
8990,0.6671357750892639
8991,0.4518420100212097
8992,0.9999902248382568
8993,0.9934740662574768
8994,1.3990163097332697e-05
8995,0.9204245805740356
8996,0.4425084590911865
8997,0.8410206437110901
8998,0.20573770999908447
8999,0.0009367699385620654
9,9.120292077113845e-09
90,0.013245980255305767
900,0.9994000196456909
9000,0.9997089505195618
9001,0.9487320184707642
9002,5.34396065177134e-07
9003,0.005811677314341068
9004,0.00307745230384171
9005,7.378877171504428e-07
9006,0.9860549569129944
9007,0.8368332386016846
9008,2.9597735373698697e-09
9009,0.056180644780397415
901,0.10148419439792633
9010,2.5392125735379523e-08
9011,0.9933589100837708
9012,0.0012129794340580702
9013,0.9999940395355225
9014,1.6165675333468243e-05
9015,1.4559849326190033e-08
9016,0.6378576755523682
9017,0.5131169557571411
9018,0.05663994327187538
9019,0.00021964844199828804
902,0.0009193281293846667
9020,5.539444464375265e-05
9021,0.9968721270561218
9022,0.9950673580169678
9023,0.9999383687973022
9024,1.5972475466696778e-06
9025,1.9233182683819905e-05
9026,0.8999588489532471
9027,0.9986644983291626
9028,5.047208446740115e-07
9029,0.00020003541430924088
903,0.9999110698699951
9030,0.052691686898469925
9031,0.8836047649383545
9032,3.779230706157932e-09
9033,0.8704385757446289
9034,0.004240799695253372
9035,0.9500249028205872
9036,0.002332716714590788
9037,0.8900038003921509
9038,0.02487819828093052
9039,0.0003640072827693075
904,0.9999984502792358
9040,0.9992188215255737
9041,7.508521230192855e-05
9042,0.9857257604598999
9043,2.9920551014583907e-07
9044,0.9993194341659546
9045,0.9971837401390076
9046,0.026554720476269722
9047,1.2535015514458792e-07
9048,0.00029602539143525064
9049,1.5498455468332395e-05
905,0.9126026630401611
9050,0.15528596937656403
9051,0.8095844984054565
9052,7.140347861422924e-06
9053,0.00014067422307562083
9054,0.999055802822113
9055,2.2212603653315455e-05
9056,0.00015028311463538557
9057,2.3461922182832495e-07
9058,0.0030254207085818052
9059,0.9984196424484253
906,0.0004459005140233785
9060,0.0023340522311627865
9061,0.3760892152786255
9062,0.4319324791431427
9063,0.9996080994606018
9064,0.9928832054138184
9065,0.0071559627540409565
9066,0.7930799722671509
9067,0.999927282333374
9068,0.16267772018909454
9069,0.9742015600204468
907,0.9964264035224915
9070,0.6351754069328308
9071,0.04205125570297241
9072,0.9967286586761475
9073,0.9999995231628418
9074,5.6223360189733285e-08
9075,0.8761308193206787
9076,0.9991600513458252
9077,7.008932152530178e-05
9078,6.117588213783165e-09
9079,0.0006661408115178347
908,0.9999953508377075
9080,0.9993283748626709
9081,0.9683221578598022
9082,0.9711242318153381
9083,0.9983502626419067
9084,0.17166702449321747
9085,0.9998834133148193
9086,0.0018108539516106248
9087,0.969918429851532
9088,0.6320115923881531
9089,7.898747571744025e-05
909,0.8386857509613037
9090,7.945513061713427e-06
9091,0.027203481644392014
9092,0.0034283918794244528
9093,0.9036360383033752
9094,0.042831167578697205
9095,0.9806792736053467
9096,5.520377044376801e-07
9097,0.05278744176030159
9098,8.725913325235979e-09
9099,0.7559279203414917
91,0.005684074014425278
910,7.894258828855527e-07
9100,0.016913004219532013
9101,0.9291409850120544
9102,4.800878741662018e-05
9103,5.6132430472644046e-05
9104,0.9997261166572571
9105,0.0001579806412337348
9106,0.997853696346283
9107,1.0812206710397732e-05
9108,0.9952314496040344
9109,0.00409754877910018
911,0.6149277091026306
9110,0.004820091649889946
9111,0.9520586729049683
9112,0.0021913531236350536
9113,2.5807578296621614e-09
9114,0.0001406516821589321
9115,0.8053398132324219
9116,0.48566508293151855
9117,0.9356659054756165
9118,0.8242909908294678
9119,0.9999923706054688
912,0.9983602166175842
9120,0.37824201583862305
9121,8.369157876586542e-05
9122,8.26373849349693e-08
9123,0.03872712329030037
9124,0.0005054286448284984
9125,0.011343898251652718
9126,0.18760521709918976
9127,7.947389531182125e-05
9128,0.007888867519795895
9129,0.5235496759414673
913,0.8624963164329529
9130,0.00019554955360945314
9131,0.2095068097114563
9132,0.02594454400241375
9133,0.9999889135360718
9134,0.9901701807975769
9135,0.9966733455657959
9136,0.19884361326694489
9137,1.9018614693777636e-05
9138,0.9999899864196777
9139,0.9929070472717285
914,0.9809263944625854
9140,0.7542963624000549
9141,0.0002582414308562875
9142,0.8176606297492981
9143,0.9490381479263306
9144,0.10707098990678787
9145,1.1273705240455456e-06
9146,0.01703343354165554
9147,4.409370646385469e-08
9148,0.992570698261261
9149,0.00020242531900294125
915,0.00020549695182126015
9150,0.37314435839653015
9151,0.9058204293251038
9152,0.08916991949081421
9153,0.8698161840438843
9154,0.000564343819860369
9155,0.9990079998970032
9156,2.1257797300222592e-08
9157,0.9993447661399841
9158,0.9758079051971436
9159,0.1100689098238945
916,0.8923534750938416
9160,0.016067391261458397
9161,0.9918705224990845
9162,0.998742401599884
9163,5.617284859482652e-09
9164,0.9983500242233276
9165,0.998525083065033
9166,0.0006895004771649837
9167,0.9998868703842163
9168,0.7057941555976868
9169,0.9872635006904602
917,0.9999909400939941
9170,0.01823710836470127
9171,0.9840458631515503
9172,0.9459168314933777
9173,0.9721046686172485
9174,0.9989051818847656
9175,0.9962887763977051
9176,0.012217940762639046
9177,0.03194908797740936
9178,0.10396844148635864
9179,0.9985136389732361
918,0.07663320749998093
9180,5.50356844541966e-06
9181,0.0006552122067660093
9182,0.9978278279304504
9183,0.2571343183517456
9184,0.9992069602012634
9185,0.6537644267082214
9186,5.806907665828476e-08
9187,0.9799142479896545
9188,0.9999783039093018
9189,0.00655882153660059
919,0.9011867642402649
9190,0.999995231628418
9191,0.999995231628418
9192,5.052221467849449e-07
9193,0.9969577789306641
9194,2.571079312474467e-05
9195,2.1309480871423148e-05
9196,0.0005458513041958213
9197,0.00012303705443628132
9198,0.007020247168838978
9199,0.999875545501709
92,8.004029041330796e-06
920,1.3395852427322552e-08
9200,0.7480781078338623
9201,4.241501247448376e-12
9202,0.011967145837843418
9203,8.961717981037509e-07
9204,6.368672529788455e-06
9205,2.1220008420641534e-05
9206,0.9516451954841614
9207,0.9966082572937012
9208,0.14161968231201172
9209,0.0077406601049005985
921,0.0008676572469994426
9210,2.3807504476280883e-05
9211,0.020769035443663597
9212,0.9999567270278931
9213,0.9136475920677185
9214,0.47920429706573486
9215,1.242423142144844e-08
9216,2.7129150481641773e-08
9217,0.9997954964637756
9218,0.00622287904843688
9219,0.0017948467284440994
922,0.3509628176689148
9220,0.9807279109954834
9221,0.0010734780225902796
9222,0.9728436470031738
9223,0.00041181471897289157
9224,0.14804913103580475
9225,0.002329367445781827
9226,0.7316421270370483
9227,0.008460902608931065
9228,3.385408220424324e-08
9229,0.0009471974917687476
923,0.9999963045120239
9230,0.86431485414505
9231,0.82310551404953
9232,0.0014554072404280305
9233,0.9766311049461365
9234,0.9989983439445496
9235,0.00025284854928031564
9236,0.03933970257639885
9237,6.347882504087465e-07
9238,0.9447705149650574
9239,0.0018708755960687995
924,0.0016374647384509444
9240,0.05913316458463669
9241,0.9988963603973389
9242,0.0009397012763656676
9243,1.8023387383436784e-05
9244,0.999535083770752
9245,0.2732391059398651
9246,0.9999140501022339
9247,2.4260456754632287e-08
9248,0.8509639501571655
9249,0.999528169631958
925,8.514263599712635e-11
9250,1.1044693337680656e-06
9251,9.021188452607021e-05
9252,2.306689239617299e-08
9253,0.9888293147087097
9254,0.9433459639549255
9255,0.9927211403846741
9256,1.9162463635183716e-14
9257,2.866063830708754e-09
9258,0.028908364474773407
9259,0.9993715882301331
926,8.928097844362881e-11
9260,0.2951376736164093
9261,0.22171838581562042
9262,0.04155207797884941
9263,0.9986825585365295
9264,0.9869133830070496
9265,2.3412057714722323e-07
9266,0.22463172674179077
9267,0.03213714435696602
9268,0.32672956585884094
9269,1.0444722647662275e-05
927,0.00048365240218117833
9270,0.009764225222170353
9271,0.00011243248445680365
9272,0.0017289279494434595
9273,0.2695113718509674
9274,0.9392998218536377
9275,0.00829690508544445
9276,0.9977349042892456
9277,0.9999935626983643
9278,0.48271387815475464
9279,0.9992600083351135
928,0.0003623484808485955
9280,0.9895660877227783
9281,0.9999911785125732
9282,0.9996383190155029
9283,0.0005569470813497901
9284,0.005922489799559116
9285,0.9999536275863647
9286,0.011489879339933395
9287,0.8616204261779785
9288,7.421537884511054e-05
9289,0.9690110087394714
929,0.0007184548303484917
9290,0.006219535134732723
9291,0.9999984502792358
9292,1.1369362118429649e-09
9293,2.140524702554103e-05
9294,0.00015995187277439982
9295,0.99608314037323
9296,0.005620196461677551
9297,0.9997532963752747
9298,0.11301971226930618
9299,0.002957677934318781
93,0.002424958162009716
930,0.9989000558853149
9300,0.9943293929100037
9301,0.0001999696105485782
9302,0.9986967444419861
9303,3.376174362301754e-08
9304,0.9105374813079834
9305,0.304304838180542
9306,0.002559262327849865
9307,0.08879798650741577
9308,0.0096812192350626
9309,0.09520895034074783
931,0.13339173793792725
9310,0.999990701675415
9311,0.0007208435563370585
9312,0.9844195246696472
9313,9.862128354143351e-05
9314,4.661081220547203e-06
9315,0.7734909653663635
9316,0.002218133769929409
9317,0.03210699185729027
9318,2.85869919025572e-05
9319,0.9023667573928833
932,0.014575070701539516
9320,5.695553682016907e-06
9321,0.9998806715011597
9322,7.06085756974062e-07
9323,0.9851166605949402
9324,6.202843360370025e-05
9325,1.4954703146941029e-05
9326,0.41237032413482666
9327,0.001058136927895248
9328,0.0022332484368234873
9329,0.003853166475892067
933,0.0021102200262248516
9330,0.9994576573371887
9331,0.006776310503482819
9332,1.0295786978531396e-06
9333,0.9999985694885254
9334,0.9988318085670471
9335,0.2990887463092804
9336,0.9973128437995911
9337,0.3400545120239258
9338,1.5444687960552983e-05
9339,1.1186794546258483e-10
934,0.8982503414154053
9340,0.12257944792509079
9341,0.0021947151981294155
9342,0.8765621781349182
9343,2.439591753500281e-06
9344,0.9959287047386169
9345,0.9995143413543701
9346,0.9622921943664551
9347,0.989749014377594
9348,0.034400660544633865
9349,0.0003234044124837965
935,0.9806212782859802
9350,0.0826733261346817
9351,0.35720375180244446
9352,9.38489563839795e-11
9353,0.9968243837356567
9354,0.9673040509223938
9355,0.9821059703826904
9356,0.9855930209159851
9357,2.6464747406862443e-06
9358,0.9999091625213623
9359,0.3411167860031128
936,0.6963319778442383
9360,0.9550304412841797
9361,0.6985386610031128
9362,0.0015972614055499434
9363,1.0501918445982028e-08
9364,0.6712338924407959
9365,0.007660804782062769
9366,0.9998123049736023
9367,8.982758572528837e-07
9368,0.09094684571027756
9369,0.01068946998566389
937,0.003772563301026821
9370,2.155368008516234e-07
9371,6.018054591550026e-06
9372,0.9996826648712158
9373,0.9581030607223511
9374,0.02002164162695408
9375,0.9993953704833984
9376,0.02946833334863186
9377,0.9757019281387329
9378,0.9999477863311768
9379,7.163866939663421e-07
938,2.144685095117893e-05
9380,0.9989579916000366
9381,0.000899232632946223
9382,1.5891022542291466e-07
9383,0.5612898468971252
9384,2.9133963835192844e-05
9385,0.07287357747554779
9386,0.9809931516647339
9387,0.001133626326918602
9388,0.9985164999961853
9389,0.01928478479385376
939,0.3648632764816284
9390,4.726626867679329e-10
9391,2.0696882074844325e-07
9392,9.302249850406952e-07
9393,0.848404586315155
9394,0.9988449811935425
9395,0.01360941119492054
9396,0.8890801072120667
9397,0.9156857132911682
9398,0.8765655755996704
9399,8.368171620531939e-06
94,0.9989427924156189
940,0.9999912977218628
9400,1.2791051062777115e-07
9401,0.9084507822990417
9402,0.9983441829681396
9403,3.136715553964109e-09
9404,7.175221253419295e-05
9405,0.009622867219150066
9406,0.009530652314424515
9407,0.03109307773411274
9408,1.7212374586961232e-05
9409,0.9989228844642639
941,0.008741210214793682
9410,0.6791597604751587
9411,0.5729179382324219
9412,9.201734428643249e-06
9413,0.007284472696483135
9414,0.9522042274475098
9415,0.9993017911911011
9416,0.9501895904541016
9417,0.9998284578323364
9418,0.00439390679821372
9419,0.35842233896255493
942,0.0001402358611812815
9420,0.9896901845932007
9421,0.9999995231628418
9422,0.007677476387470961
9423,0.9985753297805786
9424,0.9999542236328125
9425,0.01292895246297121
9426,0.005552173126488924
9427,0.7912797331809998
9428,0.9958523511886597
9429,0.006752110552042723
943,7.813943625478714e-08
9430,0.9834639430046082
9431,0.6495078802108765
9432,0.40100499987602234
9433,0.9056851267814636
9434,5.858141749470747e-10
9435,0.9987316727638245
9436,0.8990230560302734
9437,0.9997501969337463
9438,1.1666538313193087e-07
9439,0.0015897940611466765
944,0.03756069019436836
9440,0.0832887664437294
9441,0.9999755620956421
9442,3.2387870305683464e-05
9443,0.9763599038124084
9444,9.858913685434345e-11
9445,0.9938631057739258
9446,7.699859452259261e-07
9447,0.006368665024638176
9448,0.0006056887796148658
9449,0.7481133937835693
945,0.9720803499221802
9450,9.22735499120364e-10
9451,8.957174031820614e-06
9452,0.00011928854655707255
9453,0.32108721137046814
9454,0.874572217464447
9455,0.0008164276950992644
9456,0.4219152629375458
9457,3.831077719951281e-06
9458,0.9999998807907104
9459,0.0009431873913854361
946,0.9933870434761047
9460,0.0014662001049146056
9461,0.9690398573875427
9462,0.023069368675351143
9463,0.009630532003939152
9464,3.4282179512956645e-06
9465,0.9990676045417786
9466,0.1494196504354477
9467,0.017149731516838074
9468,4.3185194954276085e-05
9469,0.0002112440997734666
947,2.2928839825908653e-05
9470,0.9999701976776123
9471,0.918796181678772
9472,0.9993537068367004
9473,0.982096791267395
9474,0.39515170454978943
9475,0.15597133338451385
9476,0.9185537099838257
9477,1.600379495592108e-09
9478,0.0045763966627418995
9479,0.9986079335212708
948,0.018402138724923134
9480,0.9997027516365051
9481,0.9958987832069397
9482,8.873214392224327e-05
9483,0.00014526656013913453
9484,0.04002267122268677
9485,2.2155363694764674e-06
9486,0.5377972722053528
9487,0.05607878789305687
9488,0.9998468160629272
9489,0.6892474293708801
949,0.972236692905426
9490,3.694546535371046e-08
9491,7.3178569870435695e-09
9492,0.24289649724960327
9493,0.8832522630691528
9494,1.0368908988311887e-05
9495,0.9886838793754578
9496,0.0013002828927710652
9497,0.9983525276184082
9498,4.026288706882042e-07
9499,1.6791629775525507e-07
95,0.0011038490338250995
950,0.9646447896957397
9500,0.999996542930603
9501,0.21559348702430725
9502,6.887736248017973e-08
9503,0.843099057674408
9504,0.9837489128112793
9505,0.877610445022583
9506,1.4941985366015431e-12
9507,1.3679387222964579e-07
9508,0.00024493871023878455
9509,0.13127979636192322
951,0.06469788402318954
9510,0.002698057796806097
9511,9.114345630223397e-06
9512,3.8994954820736893e-08
9513,0.9268513321876526
9514,0.00043633292079903185
9515,0.9998075366020203
9516,0.9999949932098389
9517,0.9973803162574768
9518,0.9912518858909607
9519,3.648542769951746e-05
952,3.9526662476419006e-06
9520,0.8891869783401489
9521,0.9999887943267822
9522,2.233401374951427e-08
9523,0.8611869215965271
9524,0.9089360237121582
9525,0.0012701397063210607
9526,0.35326191782951355
9527,7.103351684634163e-09
9528,0.00032542343251407146
9529,0.0006581583875231445
953,0.7331280708312988
9530,0.7470378279685974
9531,0.010381031781435013
9532,2.0285918722606766e-08
9533,0.9999997615814209
9534,0.9957243204116821
9535,0.9322648048400879
9536,0.008037060499191284
9537,0.940725564956665
9538,0.00889673177152872
9539,0.9976415634155273
954,0.846053421497345
9540,4.954034693582798e-07
9541,0.3908194601535797
9542,9.650653737480752e-06
9543,0.0001756075507728383
9544,0.00038490453152917325
9545,0.45444169640541077
9546,0.6073814034461975
9547,0.8203999996185303
9548,0.9995104074478149
9549,0.9999533891677856
955,0.9948850274085999
9550,0.999713122844696
9551,0.9890092015266418
9552,0.8530229330062866
9553,3.375350934220478e-05
9554,0.011480642482638359
9555,2.5239912702090805e-06
9556,0.9781582355499268
9557,0.0002299956395290792
9558,0.07408210635185242
9559,0.12888316810131073
956,1.5617212056895369e-06
9560,0.7935669422149658
9561,0.8579792976379395
9562,2.828169499480282e-06
9563,0.9988273978233337
9564,2.7235080324317096e-07
9565,0.998345136642456
9566,0.02368142642080784
9567,0.9876433610916138
9568,0.002707366831600666
9569,0.9955008625984192
957,0.012954987585544586
9570,0.0010996750788763165
9571,0.11718922108411789
9572,0.027603380382061005
9573,0.9797502756118774
9574,0.9554186463356018
9575,0.0016290189232677221
9576,0.01782982237637043
9577,0.9864802956581116
9578,0.13693495094776154
9579,1.0120078286490752e-07
958,0.9999970197677612
9580,1.5433442968060263e-05
9581,0.4814320206642151
9582,0.00016137260536197573
9583,0.5133785605430603
9584,0.014903312548995018
9585,0.06876472383737564
9586,0.9646925926208496
9587,1.587899447486052e-07
9588,2.029120696533937e-05
9589,0.6000047922134399
959,1.2009819805314237e-08
9590,0.9999186992645264
9591,0.014194848015904427
9592,0.023366356268525124
9593,6.497287540696561e-05
9594,2.4152270725608105e-06
9595,1.6891996210688376e-06
9596,2.693798933250946e-06
9597,0.014290341176092625
9598,0.027724506333470345
9599,0.9537011981010437
96,0.004928353242576122
960,0.9999405145645142
9600,0.1500759869813919
9601,0.9912967681884766
9602,4.0124446968548e-05
9603,0.00038499245420098305
9604,0.2421254962682724
9605,0.0017569268820807338
9606,0.9997714161872864
9607,0.963205099105835
9608,0.03010227344930172
9609,0.9850741624832153
961,8.692113624420017e-06
9610,1.16712958742049e-10
9611,0.0006353235221467912
9612,0.9988560676574707
9613,0.9998217225074768
9614,0.9632393717765808
9615,0.053074609488248825
9616,0.9977739453315735
9617,0.9338654279708862
9618,0.9806175827980042
9619,0.07822643965482712
962,1.0994820343057654e-07
9620,0.00019094294111710042
9621,1.8875963405662333e-06
9622,0.9931538105010986
9623,6.392636714736e-05
9624,0.9999350309371948
9625,0.8860195279121399
9626,0.00018455760437063873
9627,2.610782701140124e-07
9628,0.25987914204597473
9629,0.00043571440619416535
963,0.9999669790267944
9630,0.9995891451835632
9631,0.005459997337311506
9632,0.0012427582405507565
9633,0.0009895514231175184
9634,0.9777730107307434
9635,0.01990743912756443
9636,8.150776942272842e-09
9637,0.10953175276517868
9638,0.0018922898452728987
9639,0.2815556824207306
964,0.9961712956428528
9640,1.6274354493361898e-05
9641,0.7672043442726135
9642,3.4400900403852575e-06
9643,0.9974007606506348
9644,0.0003123494971077889
9645,0.999135434627533
9646,0.9917011857032776
9647,0.9900608062744141
9648,0.00333299208432436
9649,0.9996600151062012
965,0.0005270731053315103
9650,0.000338756013661623
9651,0.9992870688438416
9652,0.9991090893745422
9653,0.0001237702526850626
9654,0.9427693486213684
9655,0.9999905824661255
9656,0.9485864639282227
9657,0.9999921321868896
9658,0.001396630541421473
9659,0.9999994039535522
966,0.013029967434704304
9660,0.9406651258468628
9661,0.006758618634194136
9662,0.9053380489349365
9663,0.9998121857643127
9664,0.9607693552970886
9665,0.00019032674026675522
9666,0.0010615440551191568
9667,0.9386594295501709
9668,0.9957042336463928
9669,0.9999065399169922
967,1.3806452647813217e-09
9670,0.00022915576118975878
9671,0.9969679713249207
9672,1.917175893595413e-07
9673,0.9979415535926819
9674,0.9999151229858398
9675,0.9878088235855103
9676,3.039955487338375e-08
9677,0.9999977350234985
9678,0.9345470070838928
9679,0.9994919300079346
968,0.9588091969490051
9680,0.9389397501945496
9681,0.9360138773918152
9682,1.8968983567901887e-05
9683,0.3400545120239258
9684,0.9722211360931396
9685,0.32693418860435486
9686,0.9574697613716125
9687,0.9883749485015869
9688,8.358847480849363e-06
9689,0.8030976057052612
969,0.996436357498169
9690,0.0022432992700487375
9691,0.004602104425430298
9692,3.1865340227588135e-11
9693,2.9902633258416245e-08
9694,0.0007970458827912807
9695,0.9996123909950256
9696,0.9999998807907104
9697,0.0005233061383478343
9698,0.9986957907676697
9699,0.8831566572189331
97,0.03657837212085724
970,0.9994605183601379
9700,0.058389630168676376
9701,0.9793751835823059
9702,0.9284206032752991
9703,1.3717209412789089e-06
9704,6.349253761639417e-11
9705,0.9807344079017639
9706,0.996519923210144
9707,0.9999032020568848
9708,0.9973172545433044
9709,0.9823077917098999
971,1.0
9710,0.002099874895066023
9711,4.620125793053376e-08
9712,0.07432957738637924
9713,0.9776895046234131
9714,0.9253987073898315
9715,0.9998739957809448
9716,3.063977783313021e-05
9717,2.4037120965658687e-05
9718,0.000787860422860831
9719,0.6205957531929016
972,0.01765262335538864
9720,0.0002915884542744607
9721,1.0058407579061068e-10
9722,3.8189121198684006e-08
9723,0.10302610695362091
9724,0.29679304361343384
9725,6.063647788323578e-07
9726,0.03256953880190849
9727,3.274981400978004e-14
9728,1.0219971500191605e-06
9729,0.0008663945482112467
973,2.053875505225733e-07
9730,7.051112334011123e-05
9731,0.8447559475898743
9732,1.068551773641957e-05
9733,1.8198757345544436e-07
9734,0.001177649712190032
9735,3.118468521279283e-05
9736,0.4481755495071411
9737,0.012511590495705605
9738,0.9983507394790649
9739,7.83366203904734e-07
974,0.2737162709236145
9740,0.6936803460121155
9741,0.0071173361502587795
9742,0.9984121322631836
9743,0.9956692457199097
9744,6.235132445908675e-07
9745,0.39962008595466614
9746,6.737581657034752e-07
9747,0.9390162825584412
9748,0.9999496936798096
9749,0.8360931873321533
975,0.37263840436935425
9750,1.3773484397461289e-06
9751,0.9998019337654114
9752,4.047338819646029e-08
9753,0.15483903884887695
9754,0.06671535223722458
9755,0.003705875715240836
9756,0.21599605679512024
9757,2.6290119876648532e-06
9758,0.9999998807907104
9759,0.9915183186531067
976,0.00308712269179523
9760,0.0736880674958229
9761,0.0003847403568215668
9762,0.0011710496619343758
9763,4.5304793161449197e-07
9764,0.9999841451644897
9765,0.04213719815015793
9766,0.9862311482429504
9767,0.035320837050676346
9768,0.9959725737571716
9769,0.9967743754386902
977,0.9927438497543335
9770,0.26305559277534485
9771,0.7324296236038208
9772,0.9918557405471802
9773,0.002066523302346468
9774,0.9859798550605774
9775,0.9999516010284424
9776,0.036815058439970016
9777,0.12342982739210129
9778,0.8113862872123718
9779,0.9998922348022461
978,0.00045414618216454983
9780,2.3377207014618762e-07
9781,0.00040541900671087205
9782,0.04001917317509651
9783,0.9974251985549927
9784,0.8990126848220825
9785,0.9993619322776794
9786,0.8043709993362427
9787,0.9938485026359558
9788,0.9128331542015076
9789,0.9998737573623657
979,0.9988784193992615
9790,2.6852708856495155e-07
9791,0.0004875284503214061
9792,0.0005104602896608412
9793,0.00016399534069932997
9794,4.533331932066176e-08
9795,5.787708978743922e-09
9796,0.0002430689346510917
9797,0.006403087172657251
9798,0.9996345043182373
9799,0.99558025598526
98,0.9997255206108093
980,0.9608644247055054
9800,0.7272871136665344
9801,1.1357549345447637e-09
9802,0.0011403162498027086
9803,7.504893801524304e-06
9804,2.9045904570423886e-10
9805,5.9986294218106195e-05
9806,0.9991045594215393
9807,0.9986298084259033
9808,0.0012174381408840418
9809,0.9739499092102051
981,0.9949648380279541
9810,0.8059793710708618
9811,0.38280943036079407
9812,3.4259865060448647e-05
9813,5.219698869041167e-05
9814,0.9998935461044312
9815,0.8148146271705627
9816,0.19996891915798187
9817,0.944021999835968
9818,0.1752544343471527
9819,0.9999676942825317
982,0.07677584886550903
9820,3.6023991469846806e-06
9821,0.8298924565315247
9822,0.9721642732620239
9823,0.9996520280838013
9824,0.9310638904571533
9825,1.461287624238139e-08
9826,0.886438250541687
9827,0.009834823198616505
9828,0.9999982118606567
9829,0.8841347694396973
983,0.6681732535362244
9830,0.9998224377632141
9831,2.178377144446131e-05
9832,0.9993300437927246
9833,0.8263998627662659
9834,0.020591797307133675
9835,0.9953479170799255
9836,0.027657756581902504
9837,0.9680473804473877
9838,0.18690787255764008
9839,0.8840699195861816
984,0.9992577433586121
9840,0.9017065763473511
9841,0.975883424282074
9842,0.0005550935165956616
9843,0.8628902435302734
9844,0.961758553981781
9845,0.008464767597615719
9846,0.0011773871956393123
9847,0.975226879119873
9848,8.026052045195797e-12
9849,0.9995161294937134
985,1.6179041040231823e-06
9850,0.0011557627003639936
9851,0.9932889342308044
9852,0.9194728136062622
9853,0.0436612069606781
9854,0.7354342341423035
9855,8.42084180163738e-09
9856,2.1190764698530984e-07
9857,1.8510749555389339e-07
9858,0.7648302912712097
9859,0.9989244341850281
986,4.097772762179375e-05
9860,0.0005876068607904017
9861,0.9981328845024109
9862,0.9984723925590515
9863,0.0017811752622947097
9864,0.00032302478211931884
9865,1.6123854607030808e-07
9866,0.998867392539978
9867,0.999721109867096
9868,1.9022975195071012e-08
9869,0.9999428987503052
987,0.539627730846405
9870,0.0015713755274191499
9871,0.00042545367614366114
9872,9.870431313174777e-06
9873,0.9742652773857117
9874,4.567754530171442e-08
9875,0.9673001766204834
9876,1.0575593478279188e-05
9877,0.9331727623939514
9878,0.011145075783133507
9879,0.3813841640949249
988,0.9650797247886658
9880,0.9998695850372314
9881,0.0035000438801944256
9882,0.7928047180175781
9883,0.9940966367721558
9884,0.006092241499572992
9885,0.9406786561012268
9886,0.9623332619667053
9887,0.9737096428871155
9888,7.327601565521036e-07
9889,0.9998899698257446
989,0.007295670919120312
9890,0.999868631362915
9891,0.9159958958625793
9892,8.595699910074472e-06
9893,1.8547893887443934e-07
9894,0.9564911127090454
9895,0.1024528443813324
9896,0.02307458594441414
9897,3.242495586164296e-05
9898,0.015579397790133953
9899,0.003092824947088957
99,0.0007744188769720495
990,0.00016167109424714
9900,0.00010258275142405182
9901,0.00018877784896176308
9902,0.0018853545188903809
9903,0.3595612645149231
9904,3.752097299525303e-08
9905,2.8850792865853236e-09
9906,0.00013924675295129418
9907,0.0009390054037794471
9908,0.0012834325898438692
9909,0.7682884931564331
991,5.0910606660181656e-05
9910,0.012846961617469788
9911,0.9953763484954834
9912,0.009560031816363335
9913,6.912051321705803e-05
9914,0.6686448454856873
9915,2.905037035816349e-05
9916,0.996090829372406
9917,0.897222638130188
9918,0.06649978458881378
9919,0.0009792582131922245
992,0.54151850938797
9920,0.9999191761016846
9921,0.0004048155969940126
9922,2.5835868200374534e-07
9923,9.92229106486775e-05
9924,6.529518486786401e-06
9925,0.9913464188575745
9926,0.0010988116264343262
9927,0.0003384466399438679
9928,0.010534209199249744
9929,0.27564576268196106
993,0.0008108021575026214
9930,0.8563371896743774
9931,0.9993135929107666
9932,0.7677829265594482
9933,0.9916471242904663
9934,0.9777089357376099
9935,0.0063614752143621445
9936,0.00010306121839676052
9937,0.13526898622512817
9938,0.999964714050293
9939,0.11277037858963013
994,0.0010641973931342363
9940,0.9301282167434692
9941,0.7797446250915527
9942,0.00030434189829975367
9943,0.9955909252166748
9944,0.9999130964279175
9945,0.009602298960089684
9946,0.01471997331827879
9947,0.03676021099090576
9948,0.9894853234291077
9949,0.8180021643638611
995,0.6994260549545288
9950,0.00011389451537979767
9951,1.4427357086788106e-07
9952,0.0022273636423051357
9953,0.0001037000329233706
9954,0.9969395399093628
9955,0.9999797344207764
9956,0.40431442856788635
9957,0.02030014991760254
9958,0.023473437875509262
9959,0.916999340057373
996,4.545531191979535e-05
9960,0.995060384273529
9961,0.006416077725589275
9962,0.9999998807907104
9963,4.849554215979879e-07
9964,3.096269174888838e-18
9965,0.007117677479982376
9966,0.002496445318683982
9967,0.9899104237556458
9968,0.9999667406082153
9969,0.9423736929893494
997,5.640114613925107e-05
9970,0.14785483479499817
9971,1.7183689124067314e-05
9972,1.617162439515596e-07
9973,0.9999871253967285
9974,1.0927309403996333e-06
9975,0.19444726407527924
9976,0.9368389844894409
9977,0.0001353091502096504
9978,0.9746280312538147
9979,0.007444904651492834
998,0.06281354278326035
9980,0.014466685242950916
9981,1.7458002332659817e-07
9982,0.9999605417251587
9983,1.4626849406340625e-05
9984,0.29954320192337036
9985,0.9682698845863342
9986,0.03226784989237785
9987,0.002108680084347725
9988,0.8928530812263489
9989,0.8985615968704224
999,3.7684647395508364e-05
9990,0.1435893326997757
9991,0.9979516863822937
9992,0.9981154203414917
9993,1.47054270200897e-05
9994,0.003389478661119938
9995,0.017137816175818443
9996,0.9995050430297852
9997,0.9724695682525635
9998,1.2852944564656354e-05
9999,0.02411305159330368
